Order_ID,Order_Date,Customer_ID,Product,Category,Region,City,Quantity,Unit_Price,Discount,Payment_Method,Order_Status
ORD00001,2025-01-13,CUST0190,Office Chair,Furniture,North,Jaipur,2,138.58,0.0,Net Banking,Delivered
ORD00002,2025-01-17,CUST0008,Desk Lamp,Home,West,Mumbai,2,26.8,0.15,UPI,Cancelled
ORD00003,2025-04-23,CUST0115,Smart Watch,Electronics,West,Ahmedabad,3,115.45,0.0,Credit Card,Returned
ORD00004,2025-05-23,CUST0040,T-Shirt,Fashion,East,Kolkata,3,20.6,0.1,UPI,Delivered
ORD00005,2025-01-23,CUST0187,Running Shoes,Fashion,East,Bhubaneswar,5,70.5,0.1,UPI,Cancelled
ORD00006,2025-10-23,CUST0050,Backpack,Accessories,East,Patna,1,41.73,0.0,Debit Card,Delivered
ORD00007,2025-07-14,CUST0072,Smart Watch,Electronics,North,Jaipur,3,104.06,0.05,Credit Card,Returned
ORD00008,2025-11-08,CUST0163,Backpack,Accessories,North,Delhi,5,46.65,0.0,Cash on Delivery,Delivered
ORD00009,2025-12-17,CUST0084,Backpack,Accessories,South,Bengaluru,2,47.32,0.05,Cash on Delivery,Delivered
ORD00010,2025-10-18,CUST0225,Smartphone,Electronics,South,Hyderabad,3,400.69,0.1,Cash on Delivery,Returned
ORD00011,2025-05-16,CUST0036,  Laptop ,Fashion,South,Bengaluru,5,48.3,0.15,Cash on Delivery,Cancelled
ORD00012,2025-04-23,CUST0036,T-Shirt,Fashion,East,Patna,4,20.56,0.0,UPI,Delivered
ORD00013,2025-12-15,CUST0109,Office Chair,Furniture,South,Hyderabad,1,142.33,0.15,Cash on Delivery,Cancelled
ORD00014,2025-12-15,CUST0185,Backpack,Accessories,North,Delhi,5,46.81,0.05,UPI,Delivered
ORD00015,2025-08-21,CUST0001,T-Shirt,Fashion,South,Hyderabad,3,23.66,0.0,Net Banking,Delivered
ORD00016,2025-11-24,CUST0130,Office Chair,Furniture,East,Patna,2,136.95,0.0,Net Banking,Cancelled
ORD00017,2025-09-08,CUST0005,Laptop,Electronics,East,Kolkata,3,689.39,0.05,Credit Card,Delivered
ORD00018,2025-02-13,CUST0188,Smart Watch,Electronics,North,Jaipur,1,118.41,0.15,Credit Card,Delivered
ORD00019,2025-10-09,CUST0043,Office Chair,Furniture,West,Pune,5,153.64,0.1,Credit Card,Cancelled
ORD00020,2025-06-09,CUST0103,Notebook,Stationery,South,Hyderabad,3,7.92,0.15,Cash on Delivery,Delivered
ORD00021,2025-02-02,CUST0087,Smart Watch,Electronics,South,Bengaluru,5,110.95,0.15,Credit Card,Delivered
ORD00022,2025-04-28,CUST0018,Smartphone,Electronics,North,Delhi,3,391.16,0.0,Debit Card,Returned
ORD00023,2025-10-04,CUST0034,Jeans,Fashion,South,Hyderabad,5,48.59,0.0,Cash on Delivery,Delivered
ORD00024,2025-02-19,CUST0169,Smart Watch,Electronics,North,Jaipur,3,108.65,0.1,UPI,Returned
ORD00025,2025-02-01,CUST0104,Office Chair,Furniture,North,Lucknow,3,151.97,0.0,Credit Card,Delivered
ORD00026,2025-03-13,CUST0109,Smart Watch,electronics,West,Mumbai,3,109.34,0.0,Cash on Delivery,Cancelled
ORD00027,2025-11-30,CUST0139,Smartphone,Electronics,North,Delhi,1,448.65,0.0,Credit Card,Delivered
ORD00028,2025-04-20,CUST0222,Jeans,Fashion,West,Pune,1,45.42,0.0,Cash on Delivery,Delivered
ORD00029,2025-08-05,CUST0179,Jeans,Fashion,East,Patna,5,49.24,0.1,Credit Card,Delivered
ORD00030,2025-01-30,CUST0149,Backpack,Accessories,South,Hyderabad,5,41.84,0.05,UPI,Delivered
ORD00031,2025-09-15,CUST0236,Desk Lamp,Home,West,Ahmedabad,2,26.01,0.15,UPI,Delivered
ORD00032,2025-12-12,CUST0221,Smartphone,Electronics,North,Delhi,4,394.46,0.15,Credit Card,Cancelled
ORD00033,2025-11-14,CUST0021,Desk Lamp,Home,North,Jaipur,5,28.29,0.05,Debit Card,Delivered
ORD00034,2025-05-03,CUST0068,Office Chair,Furniture,East,Bhubaneswar,2,148.98,0.05,Cash on Delivery,Delivered
ORD00035,2025-08-23,CUST0160,Smartphone,Electronics,North,Lucknow,1,391.32,0.0,Net Banking,Delivered
ORD00036,2025-02-05,CUST0226,Headphones,Electronics,East,Kolkata,3,62.76,0.1,Net Banking,Returned
ORD00037,2025-12-08,CUST0210,Backpack,Accessories,North,Lucknow,3,48.11,0.0,Credit Card,Delivered
ORD00038,2025-10-11,CUST0040,Smartphone,Electronics,North,Jaipur,3,427.04,0.05,Credit Card,Returned
ORD00039,2025-09-16,CUST0126,Office Chair,Furniture,East,Bhubaneswar,1,135.54,0.1,Debit Card,Delivered
ORD00040,2025-03-08,CUST0164,Laptop,Electronics,East,Bhubaneswar,2,675.09,0.15,Cash on Delivery,Cancelled
ORD00041,2025-02-08,CUST0242,Laptop,Electronics,North,,2,654.74,0.05,Net Banking,Cancelled
ORD00042,2025-03-07,CUST0011,Headphones,Electronics,West,Pune,3,69.15,0.0,Debit Card,Delivered
ORD00043,2025-12-08,CUST0027,Office Chair,Furniture,South,Chennai,5,153.91,0.1,Net Banking,Returned
ORD00044,2025-03-25,CUST0250,Headphones,Electronics,South,Bengaluru,4,60.06,0.05,Cash on Delivery,Returned
ORD00045,2025-05-17,CUST0041,Notebook,Stationery,South,Hyderabad,1,7.85,0.0,Cash on Delivery,Delivered
ORD00046,2025-06-29,CUST0079,Smart Watch,Electronics,West,Mumbai,2,101.62,0.0,Cash on Delivery,Delivered
ORD00047,2025-05-23,CUST0090,Backpack,Accessories,North,Lucknow,5,44.28,0.15,Debit Card,Delivered
ORD00048,2025-04-02,CUST0149,Smartphone,Electronics,East,Bhubaneswar,1,393.68,0.1,Debit Card,Returned
ORD00049,2025-11-07,CUST0131,Running Shoes,Fashion,West,Mumbai,4,79.79,0.0,Debit Card,Delivered
ORD00050,2025-01-01,CUST0134,Notebook,Stationery,West,Ahmedabad,2,7.83,0.0,Debit Card,Cancelled
ORD00051,2025-06-03,CUST0130,Running Shoes,Fashion,North,Jaipur,4,72.91,0.05,Net Banking,Delivered
ORD00052,2025-12-07,CUST0241,Smart Watch,Electronics,West,Pune,2,112.03,0.05,Cash on Delivery,Cancelled
ORD00053,2025-05-27,CUST0054,Laptop,Electronics,East,Bhubaneswar,5,661.09,0.05,Cash on Delivery,Delivered
ORD00054,2025-09-19,CUST0122,Jeans,Fashion,South,Hyderabad,2,49.22,0.05,Net Banking,Returned
ORD00055,2025-02-17,CUST0210,Office Chair,Furniture,East,Kolkata,3,138.61,0.0,Credit Card,Delivered
ORD00056,2025-09-01,CUST0157,Laptop,Electronics,South,Bengaluru,4,,0.15,Credit Card,Returned
ORD00057,2025-09-11,CUST0103,Notebook,Stationery,West,Mumbai,2,8.2,0.0,UPI,Delivered
ORD00058,2025-12-23,CUST0133,Smart Watch,Electronics,South,Chennai,1,111.01,0.0,Cash on Delivery,Delivered
ORD00059,2025-08-15,CUST0157,Jeans,Fashion,East,Patna,5,47.44,0.15,Cash on Delivery,Delivered
ORD00060,2025-08-19,CUST0067,Notebook,Stationery,West,Mumbai,3,8.34,0.15,Cash on Delivery,Returned
ORD00061,2025-08-14,CUST0020,Smart Watch,Electronics,East,Patna,3,105.33,0.05,Debit Card,Cancelled
ORD00062,2025-03-19,CUST0060,Smartphone,Electronics,South,Chennai,2,433.87,0.0,Cash on Delivery,Delivered
ORD00063,2025-08-01,CUST0016,Running Shoes,Fashion,West,Mumbai,4,73.67,0.15,UPI,Cancelled
ORD00064,2025-01-04,CUST0242,T-Shirt,Fashion,West,Pune,3,22.89,0.1,Net Banking,Returned
ORD00065,2025-09-07,CUST0057,Notebook,Stationery,South,Chennai,4,7.98,0.1,Debit Card,Returned
ORD00066,2025-03-26,CUST0216,Office Chair,Furniture,West,Pune,2,156.15,0.15,UPI,Delivered
ORD00067,2025-02-12,CUST0165,Desk Lamp,Home,North,Jaipur,2,29.64,0.0,UPI,Delivered
ORD00068,2025-04-19,CUST0117,T-Shirt,Fashion,East,Bhubaneswar,3,22.92,0.1,Debit Card,Delivered
ORD00069,2025-08-29,CUST0005,Backpack,Accessories,North,Lucknow,5,41.78,0.05,Credit Card,Returned
ORD00070,2025-01-16,CUST0244,Smartphone,Electronics,North,Delhi,2,442.8,0.15,Credit Card,Delivered
ORD00071,2025-12-09,CUST0030,Headphones,Electronics,West,Ahmedabad,2,64.64,0.05,Debit Card, delivered 
ORD00072,2025-03-25,CUST0247,Desk Lamp,Home,North,Jaipur,1,28.35,0.05,Net Banking,Returned
ORD00073,2025-04-12,CUST0020,T-Shirt,Fashion,West,Ahmedabad,2,20.6,0.05,Net Banking,Delivered
ORD00074,2025-06-27,CUST0137,Desk Lamp,Home,North,Jaipur,3,26.07,0.05,UPI,Delivered
ORD00075,2025-08-10,CUST0246,Jeans,Fashion,North,Jaipur,4,49.59,0.1,Credit Card,Returned
ORD00076,2025-11-12,CUST0207,Coffee Maker,Home,East,Patna,4,89.49,0.15,Debit Card,Delivered
ORD00077,2025-05-23,CUST0226,Smart Watch,Electronics,North,Jaipur,2,114.41,0.15,Net Banking,Returned
ORD00078,2025-01-15,CUST0127,T-Shirt,Fashion,East,Bhubaneswar,2,21.96,0.05,Debit Card,Delivered
ORD00079,2025-10-12,CUST0003,Backpack,Accessories,East,Patna,2,42.02,0.1,Cash on Delivery,Cancelled
ORD00080,2025-11-27,CUST0183,Smart Watch,Electronics,West,Pune,4,115.16,0.0,Debit Card,Delivered
ORD00081,2025-06-06,CUST0170,T-Shirt,Fashion,South,Hyderabad,3,21.91,0.15,Debit Card,Delivered
ORD00082,2025-06-30,CUST0180,Notebook,Stationery,East,Bhubaneswar,3,7.75,0.0,UPI,Returned
ORD00083,2025-03-03,CUST0191,Smart Watch,Electronics,East,Patna,2,104.57,0.1,Debit Card,Returned
ORD00084,2025-02-21,CUST0214,Desk Lamp,Home,East,Kolkata,3,26.78,0.0,Debit Card,Delivered
ORD00085,2025-05-21,CUST0012,Notebook,Stationery,South,Bengaluru,5,7.73,0.0,Cash on Delivery,Delivered
ORD00085,2025-08-29,CUST0123,Laptop,Electronics,East,Bhubaneswar,3,617.17,0.0,Debit Card,Delivered
ORD00087,2025-07-25,CUST0126,Smartphone,Electronics,North,Delhi,5,428.7,0.0,Credit Card,Delivered
ORD00088,2025-02-13,CUST0064,Desk Lamp,Home,East,Kolkata,5,29.18,0.15,Net Banking,Cancelled
ORD00089,2025-08-19,CUST0233,Smart Watch,Electronics,West,Pune,3,116.34,0.1,Debit Card,Cancelled
ORD00090,2025-11-09,CUST0246,Desk Lamp,Home,North,Lucknow,1,30.01,0.0,Credit Card,Delivered
ORD00091,2025-03-22,CUST0062,Office Chair,Furniture,North,Delhi,5,135.14,0.0,Cash on Delivery,Delivered
ORD00092,2025-05-30,CUST0009,Notebook,Stationery,West,Mumbai,3,8.26,0.1,UPI,Returned
ORD00093,2025-11-17,CUST0151,Smart Watch,Electronics,East,Patna,2,108.68,0.15,Credit Card,Returned
ORD00094,2025-03-14,CUST0019,Headphones,Electronics,East,Kolkata,2,68.04,0.15,Net Banking,Delivered
ORD00095,2025-08-28,CUST0177,Jeans,Fashion,North,Jaipur,4,51.4,0.15,Net Banking,Delivered
ORD00096,2025-11-03,CUST0011,Jeans,Fashion,North,Jaipur,3,48.8,0.0,UPI,Delivered
ORD00097,2025-12-11,CUST0211,Office Chair,Furniture,North,Jaipur,5,134.33,0.0,Cash on Delivery,Cancelled
ORD00098,2025-05-23,CUST0047,Office Chair,Furniture,West,Ahmedabad,4,148.13,0.1,UPI,Delivered
ORD00099,2025-06-20,CUST0083,Running Shoes,Fashion,West,Ahmedabad,1,79.29,0.05,Cash on Delivery,Returned
ORD00100,2025-12-06,CUST0242,Jeans,Fashion,East,Bhubaneswar,5,44.44,0.0,Debit Card,Delivered
ORD00101,2025-07-26,CUST0222,Running Shoes,Fashion,North,Lucknow,1,76.89,0.15,Cash on Delivery,Delivered
ORD00102,2025-09-23,CUST0093,Laptop,Electronics,South,Hyderabad,4,663.04,0.0,Credit Card,Delivered
ORD00103,2025-05-28,CUST0113,Coffee Maker,Home,South,Hyderabad,4,84.55,0.15,Credit Card,Returned
ORD00104,2025-10-10,CUST0004,Headphones,Electronics,East,Patna,4,60.77,0.0,Cash on Delivery,Delivered
ORD00105,2025-09-13,CUST0239,Office Chair,Furniture,South,Hyderabad,3,145.21,0.05,Cash on Delivery,Delivered
ORD00106,2025-08-22,CUST0142,Jeans,Fashion,South,Bengaluru,4,45.62,0.15,Net Banking,Returned
ORD00107,2025-05-22,CUST0198,Headphones,Electronics,North,Jaipur,3,69.52,0.15,Debit Card,Delivered
ORD00108,2025-10-28,CUST0149,Backpack,Accessories,East,Patna,4,47.63,0.1,Net Banking,Delivered
ORD00109,2025-10-10,CUST0196,Running Shoes,Fashion,East,Patna,4,74.46,0.05,Credit Card,Returned
ORD00110,2025-04-30,CUST0220,Smart Watch,Electronics,West,Pune,1,106.8,0.1,Cash on Delivery,Delivered
ORD00111,2025-09-11,CUST0247,Office Chair,Furniture,South,Bengaluru,2,145.05,0.15,Debit Card,Delivered
ORD00112,2025-09-27,CUST0234,Jeans,Fashion,North,Jaipur,1,49.71,0.1,Credit Card,Delivered
ORD00113,2025-06-23,CUST0160,Jeans,Fashion,East,Patna,4,49.15,0.05,Net Banking,Delivered
ORD00114,2025-10-05,CUST0010,Running Shoes,Fashion,West,Ahmedabad,1,71.82,0.05,Credit Card,Returned
ORD00115,2025-02-20,CUST0195,Smartphone,Electronics,West,Ahmedabad,1,416.22,0.05,UPI,Delivered
ORD00116,2025-05-31,CUST0092,Running Shoes,Fashion,North,Jaipur,4,70.75,0.15,Cash on Delivery,Cancelled
ORD00117,2025-03-29,CUST0045,Office Chair,Furniture,South,Bengaluru,5,153.6,0.15,Credit Card,Delivered
ORD00118,2025-04-29,CUST0119,Desk Lamp,Home,South,Hyderabad,3,27.82,0.0,Cash on Delivery,Delivered
ORD00119,2025-02-07,CUST0114,Office Chair,Furniture,South,Chennai,5,140.34,0.1,Debit Card,Delivered
ORD00120,2025-07-16,CUST0219,Backpack,Accessories,South,Chennai,1,43.11,0.15,Debit Card,Cancelled
ORD00121,2025-01-12,CUST0213,Backpack,Accessories,East,Patna,4,43.38,0.15,UPI,Cancelled
ORD00122,2025-05-27,CUST0199,Notebook,Stationery,West,Mumbai,5,8.39,0.0,Credit Card,Cancelled
ORD00123,2025-11-18,CUST0025,Backpack,Accessories,South,Hyderabad,1,43.62,0.1,UPI,Cancelled
ORD00124,2025-02-16,CUST0233,Running Shoes,Fashion,South,Chennai,3,77.97,0.0,Credit Card,Delivered
ORD00125,2025-09-29,CUST0129,Coffee Maker,Home,East,Bhubaneswar,2,86.5,0.1,Debit Card,Returned
ORD00126,2025-08-28,CUST0247,Running Shoes,Fashion,North,Delhi,2,78.05,0.0,Cash on Delivery,Cancelled
ORD00127,2025-07-22,CUST0004,Running Shoes,Fashion,North,Jaipur,5,70.48,0.05,Debit Card,Cancelled
ORD00128,2025-02-25,CUST0173,T-Shirt,Fashion,East,Kolkata,4,20.33,0.15,Debit Card,Cancelled
ORD00129,2025-11-22,CUST0211,Smart Watch,Electronics,North,Jaipur,3,112.63,0.0,Credit Card,Delivered
ORD00130,2025-09-10,CUST0030,Laptop,Electronics,East,Kolkata,2,690.27,0.0,Cash on Delivery,Delivered
ORD00131,2025-10-28,CUST0191,Running Shoes,Fashion,West,Ahmedabad,2,79.62,0.0,Cash on Delivery,Cancelled
ORD00132,2025-01-17,CUST0177,T-Shirt,Fashion,East,Bhubaneswar,2,21.8,0.0,Debit Card,Delivered
ORD00133,2025-10-06,CUST0231,Office Chair,Furniture,East,Patna,3,134.8,0.05,Credit Card,Delivered
ORD00134,2025-12-06,CUST0055,Jeans,Fashion,North,Lucknow,5,51.62,0.0,Debit Card,Delivered
ORD00135,2025-02-05,CUST0213,Headphones,Electronics,South,Hyderabad,2,65.9,0.0,Debit Card,Delivered
ORD00136,2025-05-22,CUST0220,Desk Lamp,Home,North,Delhi,2,28.18,0.0,UPI,Returned
ORD00137,2025-01-08,CUST0092,Laptop,Electronics,South,Bengaluru,5,631.67,0.0,Debit Card,Delivered
ORD00138,2025-09-27,CUST0030,Headphones,Electronics,West,Ahmedabad,1,64.75,0.05,Net Banking,Cancelled
ORD00139,2025-09-15,CUST0057,Smartphone,Electronics,West,Ahmedabad,1,435.27,0.15,Debit Card,Delivered
ORD00140,2025-02-01,CUST0123,Office Chair,Furniture,North,Jaipur,4,149.32,0.1,Cash on Delivery,Delivered
ORD00141,2025-11-08,CUST0038,Smartphone,Electronics,East,Kolkata,2,404.88,0.15,Net Banking,Returned
ORD00142,2025-11-02,CUST0136,Running Shoes,Fashion,West,Pune,4,75.07,0.1,UPI,Returned
ORD00143,2025-08-09,CUST0116,Smartphone,Electronics,South,Bengaluru,4,409.18,0.1,Cash on Delivery,Delivered
ORD00144,2025-06-10,CUST0110,Notebook,Stationery,North,Jaipur,3,7.84,0.0,Cash on Delivery,Delivered
ORD00145,2025-02-17,CUST0111,Smartphone,Electronics,North,Delhi,3,440.95,0.15,UPI,Cancelled
ORD00146,2025-12-10,CUST0032,Coffee Maker,Home,East,Bhubaneswar,3,95.38,0.1,UPI,Delivered
ORD00147,2025-06-30,CUST0027,Desk Lamp,Home,East,Patna,5,26.71,0.1,Credit Card,Delivered
ORD00148,2025-02-28,CUST0196,Running Shoes,Fashion,East,Bhubaneswar,5,71.71,0.1,Net Banking,Cancelled
ORD00149,2025-11-08,CUST0238,Desk Lamp,Home,North,Lucknow,3,25.89,0.05,Debit Card,Delivered
ORD00150,2025-04-03,CUST0223,Running Shoes,Fashion,North,Delhi,5,76.89,0.0,Credit Card,Returned
ORD00151,2025-02-16,CUST0192,Office Chair,Furniture,North,Lucknow,2,142.13,0.1,Debit Card,Delivered
ORD00152,2025-06-16,CUST0199,Running Shoes,Fashion,East,Patna,5,70.02,0.0,Credit Card,Delivered
ORD00153,2025-12-12,CUST0021,Desk Lamp,Home,North,Jaipur,4,28.73,0.1,Net Banking,Delivered
ORD00154,2025-04-21,CUST0194,T-Shirt,Fashion,East,Patna,1,21.46,0.0,Debit Card,Returned
ORD00155,2025-09-27,CUST0171,Office Chair,Furniture,West,Pune,1,138.52,0.15,UPI,Delivered
ORD00156,2025-04-19,CUST0197,Smart Watch,Electronics,East,Kolkata,3,106.29,0.0,UPI,Delivered
ORD00157,2025-03-31,CUST0034,Notebook,Stationery,West,Pune,5,8.26,0.15,Net Banking,Returned
ORD00158,2025-07-23,CUST0221,Running Shoes,Fashion,North,Lucknow,1,74.23,0.1,UPI,Delivered
ORD00159,2025-10-21,CUST0104,Desk Lamp,Home,West,Ahmedabad,4,27.06,0.1,UPI,Delivered
ORD00160,2025-12-20,CUST0236,Headphones,Electronics,West,Pune,1,64.34,0.0,Credit Card,Delivered
ORD00161,2025-09-26,CUST0021,Desk Lamp,Home,West,Pune,3,29.1,0.0,Debit Card,Delivered
ORD00162,2025-09-29,CUST0131,Smartphone,Electronics,North,Delhi,3,409.99,0.0,Credit Card,Delivered
ORD00163,2025-04-12,CUST0045,Headphones,Electronics,East,Patna,2,67.71,0.0,Credit Card,Returned
ORD00164,2025-10-16,CUST0195,Jeans,Fashion,West,Ahmedabad,4,49.39,0.15,Net Banking,Delivered
ORD00165,2025-03-19,CUST0113,Office Chair,Furniture,East,Kolkata,4,143.66,0.05,Debit Card,Cancelled
ORD00166,2025-09-17,CUST0019,Laptop,Electronics,East,Bhubaneswar,4,645.0,0.0,Debit Card,Delivered
ORD00167,2025-11-11,CUST0153,Smartphone,Electronics,North,Lucknow,4,417.49,0.15,UPI,Delivered
ORD00168,2025-06-14,CUST0155,Desk Lamp,Home,South,Chennai,5,26.44,0.0,Cash on Delivery,Delivered
ORD00169,2025-09-16,CUST0166,Running Shoes,Fashion,North,Delhi,1,71.97,0.1,Cash on Delivery,Cancelled
ORD00170,2025-07-06,CUST0096,Coffee Maker,Home,South,Chennai,4,88.69,0.05,Net Banking,Delivered
ORD00171,2025-02-03,CUST0085,Office Chair,Furniture,East,Kolkata,5,149.14,0.05,Debit Card,Returned
ORD00172,2025-06-20,CUST0021,Office Chair,Furniture,South,Hyderabad,2,154.67,0.05,Cash on Delivery,Delivered
ORD00173,2025-06-08,CUST0144,Desk Lamp,Home,North,Jaipur,3,29.4,0.15,UPI,Returned
ORD00174,2025-09-18,CUST0093,Office Chair,Furniture,West,Mumbai,3,140.57,0.0,Debit Card,Delivered
ORD00175,2025-03-12,CUST0040,Smart Watch,Electronics,South,Bengaluru,3,116.06,0.0,Net Banking,Cancelled
ORD00176,2025-12-05,CUST0087,Notebook,Stationery,North,Lucknow,2,8.12,0.0,Credit Card,Delivered
ORD00177,2025-08-13,CUST0012,Notebook,Stationery,South,Chennai,3,8.23,0.0,Cash on Delivery,Cancelled
ORD00178,2025-04-30,CUST0137,Backpack,Accessories,West,Mumbai,3,48.35,0.1,Credit Card,Delivered
ORD00179,2025-08-25,CUST0197,Office Chair,Furniture,West,Pune,4,145.07,0.1,Credit Card,Delivered
ORD00180,2025-05-09,CUST0014,Desk Lamp,Home,South,Hyderabad,4,29.68,0.15,UPI,Returned
ORD00181,2025-05-26,CUST0022,Coffee Maker,Home,North,Delhi,3,89.27,0.15,Credit Card,Delivered
ORD00182,2025-08-19,CUST0227,Smartphone,Electronics,South,Chennai,1,414.28,0.1,Net Banking,Delivered
ORD00183,2025-02-11,CUST0096,Smart Watch,Electronics,West,Mumbai,1,106.81,0.0,Debit Card,Delivered
ORD00184,2025-05-27,CUST0235,Headphones,Electronics,North,Jaipur,2,67.69,0.1,Cash on Delivery,Cancelled
ORD00185,2025-01-10,CUST0066,Laptop,Electronics,North,Delhi,2,655.08,0.15,Net Banking,Delivered
ORD00186,2025-05-02,CUST0078,Smartphone,Electronics,East,Kolkata,1,402.42,0.15,Cash on Delivery,Delivered
ORD00187,2025-11-02,CUST0138,Smartphone,Electronics,West,Mumbai,5,425.04,0.0,Debit Card,Delivered
ORD00188,2025-05-04,CUST0147,Laptop,Electronics,East,Bhubaneswar,2,667.09,0.0,Net Banking,Delivered
ORD00189,2025-07-19,CUST0224,Smartphone,Electronics,North,Jaipur,1,429.12,0.05,Debit Card,Returned
ORD00190,2025-02-04,CUST0089,Laptop,Electronics,East,Kolkata,1,678.24,0.05,Credit Card,Delivered
ORD00191,2025-11-26,CUST0045,Running Shoes,Fashion,East,Patna,4,80.77,0.1,Credit Card,Delivered
ORD00192,2025-01-19,CUST0076,Smartphone,Electronics,West,Mumbai,1,439.56,0.0,Debit Card,Delivered
ORD00193,2025-10-06,CUST0122,Coffee Maker,Home,West,Pune,1,93.65,0.0,Debit Card,Delivered
ORD00194,2025-05-20,CUST0032,Laptop,Electronics,East,Bhubaneswar,4,690.51,0.1,Cash on Delivery,Delivered
ORD00195,2025-12-21,CUST0128,Headphones,Electronics,West,Pune,5,62.57,0.0,Cash on Delivery,Delivered
ORD00196,2025-10-07,CUST0076,T-Shirt,Fashion,South,Chennai,1,20.52,0.05,Debit Card,Delivered
ORD00197,2025-03-27,CUST0177,Desk Lamp,Home,West,Pune,3,27.76,0.05,Net Banking,Delivered
ORD00198,2025-02-08,CUST0172,Backpack,Accessories,North,Lucknow,4,44.02,0.0,UPI,Delivered
ORD00199,2025-01-18,CUST0033,Desk Lamp,Home,West,Mumbai,2,29.25,0.05,Debit Card,Delivered
ORD00200,2025-11-06,CUST0040,Desk Lamp,Home,North,Lucknow,4,30.01,0.05,Cash on Delivery,Delivered
ORD00201,2025-09-29,CUST0094,Desk Lamp,Home,South,Chennai,3,28.67,0.0,UPI,Delivered
ORD00202,2025-09-13,CUST0133,Notebook,Stationery,South,Chennai,5,7.51,0.05,Cash on Delivery,Delivered
ORD00203,2025-12-22,CUST0235,Desk Lamp,Home,East,Bhubaneswar,2,26.31,0.0,Cash on Delivery,Delivered
ORD00204,2025-02-14,CUST0208,Notebook,Stationery,West,Ahmedabad,3,8.21,0.0,Net Banking,Cancelled
ORD00205,2025-03-22,CUST0183,Backpack,Accessories,East,Patna,2,47.11,0.15,Credit Card,Delivered
ORD00206,2025-05-02,CUST0203,Smart Watch,Electronics,South,Chennai,1,107.55,0.15,Debit Card,Delivered
ORD00207,2025-11-10,CUST0227,Coffee Maker,Home,South,Bengaluru,1,87.25,0.1,Net Banking,Delivered
ORD00208,2025-03-06,CUST0249,T-Shirt,Fashion,North,Jaipur,1,21.82,0.15,Debit Card,Delivered
ORD00209,2025-03-08,CUST0111,Coffee Maker,Home,South,Hyderabad,1,94.77,0.15,Credit Card,Delivered
ORD00210,2025-06-15,CUST0240,Headphones,Electronics,South,Hyderabad,2,63.4,0.15,Debit Card,Delivered
ORD00211,2025-11-22,CUST0245,Backpack,Accessories,South,Hyderabad,3,42.3,0.05,Net Banking,Cancelled
ORD00212,2025-10-31,CUST0242,Smartphone,Electronics,South,Hyderabad,2,397.9,0.15,Net Banking,Delivered
ORD00213,2025-01-15,CUST0021,Desk Lamp,Home,North,Delhi,5,26.95,0.0,Net Banking,Delivered
ORD00214,2025-09-12,CUST0228,Desk Lamp,Home,North,Lucknow,5,27.06,0.05,Cash on Delivery,Delivered
ORD00215,2025-06-02,CUST0117,Office Chair,Furniture,West,Mumbai,1,137.07,0.1,Cash on Delivery,Delivered
ORD00216,2025-11-07,CUST0037,Smart Watch,Electronics,East,Bhubaneswar,3,114.12,0.05,Cash on Delivery,Delivered
ORD00217,2025-06-13,CUST0062,Running Shoes,Fashion,North,Jaipur,1,72.21,0.0,Credit Card,Delivered
ORD00218,2025-07-16,CUST0222,Laptop,Electronics,East,Patna,4,623.82,0.0,Debit Card,Cancelled
ORD00219,2025-04-08,CUST0196,Notebook,Stationery,East,Kolkata,4,8.63,0.1,Cash on Delivery,Delivered
ORD00220,2025-02-16,CUST0242,Jeans,Fashion,North,Jaipur,5,47.67,0.0,Credit Card,Cancelled
ORD00221,2025-01-26,CUST0073,Running Shoes,Fashion,North,Jaipur,5,79.59,0.1,Debit Card,Cancelled
ORD00222,2025-08-09,CUST0035,Laptop,Electronics,North,Jaipur,3,677.44,0.05,UPI,Delivered
ORD00223,2025-07-05,CUST0142,Laptop,Electronics,South,Chennai,1,638.18,0.1,Net Banking,Delivered
ORD00224,2025-03-07,CUST0250,Desk Lamp,Home,North,Delhi,4,27.43,0.05,Net Banking,Delivered
ORD00225,2025-11-05,CUST0131,Headphones,Electronics,South,Chennai,5,60.22,0.0,Credit Card,Returned
ORD00226,2025-09-23,CUST0117,Running Shoes,Fashion,West,Mumbai,5,79.72,0.0,Debit Card,Cancelled
ORD00227,2025-07-21,CUST0158,Running Shoes,Fashion,South,Hyderabad,3,76.12,0.15,Net Banking,Cancelled
ORD00228,2025-09-01,CUST0209,Jeans,Fashion,East,Kolkata,3,46.7,0.0,Cash on Delivery,Cancelled
ORD00229,2025-11-02,CUST0122,Backpack,Accessories,North,Jaipur,5,45.56,0.0,Net Banking,Delivered
ORD00230,2025-03-17,CUST0211,Headphones,Electronics,West,Ahmedabad,2,60.13,0.0,Credit Card,Delivered
ORD00231,2025-08-03,CUST0039,Jeans,Fashion,East,Bhubaneswar,2,47.31,0.15,Cash on Delivery,Returned
ORD00232,2025-12-28,CUST0036,Notebook,Stationery,North,Lucknow,2,8.08,0.1,Net Banking,Delivered
ORD00233,2025-08-24,CUST0234,Running Shoes,Fashion,South,Hyderabad,3,75.56,0.05,Net Banking,Delivered
ORD00234,2025-05-23,CUST0143,Smart Watch,Electronics,South,Chennai,2,117.77,0.05,Debit Card,Returned
ORD00235,2025-06-12,CUST0123,Smart Watch,Electronics,West,Pune,5,117.63,0.05,Debit Card,Delivered
ORD00236,2025-07-22,CUST0210,Desk Lamp,Home,West,Pune,2,27.06,0.05,UPI,Delivered
ORD00237,2025-09-03,CUST0055,Jeans,Fashion,East,Kolkata,5,46.24,0.15,Debit Card,Delivered
ORD00238,2025-05-05,CUST0013,Smartphone,Electronics,South,Hyderabad,5,401.57,0.0,UPI,Delivered
ORD00239,2025-08-30,CUST0026,T-Shirt,Fashion,East,Patna,2,20.26,0.15,Credit Card,Delivered
ORD00240,2025-09-02,CUST0167,Office Chair,Furniture,West,Mumbai,3,140.85,0.0,UPI,Returned
ORD00241,2025-10-01,CUST0190,Desk Lamp,Home,South,Hyderabad,1,29.85,0.0,Cash on Delivery,Delivered
ORD00242,2025-09-11,CUST0048,Laptop,Electronics,West,Ahmedabad,3,689.18,0.0,Debit Card,Cancelled
ORD00243,2025-06-21,CUST0073,Desk Lamp,Home,North,Jaipur,5,28.11,0.0,Net Banking,Delivered
ORD00244,2025-02-27,CUST0085,Backpack,Accessories,South,Bengaluru,4,46.07,0.0,UPI,Returned
ORD00245,2025-10-18,CUST0173,Running Shoes,Fashion,East,Kolkata,2,76.33,0.1,Cash on Delivery,Cancelled
ORD00246,2025-07-25,CUST0172,Running Shoes,Fashion,North,Delhi,2,80.78,0.1,Debit Card,Delivered
ORD00247,2025-07-16,CUST0061,Laptop,Electronics,East,Bhubaneswar,3,697.22,0.05,Net Banking,Returned
ORD00248,2025-05-14,CUST0168,Desk Lamp,Home,North,Jaipur,2,26.04,0.0,Cash on Delivery,Delivered
ORD00249,2025-12-18,CUST0129,Headphones,Electronics,West,Ahmedabad,3,66.98,0.05,Debit Card,Cancelled
ORD00250,2025-03-10,CUST0123,Smart Watch,Electronics,South,Bengaluru,4,114.36,0.15,Debit Card,Delivered
ORD00251,2025-10-03,CUST0206,Notebook,Stationery,West,Ahmedabad,2,8.34,0.15,UPI,Cancelled
ORD00252,2025-02-09,CUST0235,Jeans,Fashion,East,Patna,1,44.63,0.15,Net Banking,Delivered
ORD00253,2025-03-26,CUST0084,Desk Lamp,Home,South,Hyderabad,4,26.28,0.0,Net Banking,Delivered
ORD00254,2025-01-29,CUST0117,Smartphone,Electronics,West,Mumbai,5,414.32,0.15,UPI,Cancelled
ORD00255,2025-01-12,CUST0102,Jeans,Fashion,East,Bhubaneswar,1,49.89,0.15,UPI,Delivered
ORD00256,2025-12-25,CUST0017,T-Shirt,Fashion,East,Patna,1,23.53,0.0,Cash on Delivery,Delivered
ORD00257,2025-04-03,CUST0197,Backpack,Accessories,West,Mumbai,4,44.1,0.1,Cash on Delivery,Delivered
ORD00258,2025-12-16,CUST0247,T-Shirt,Fashion,North,Lucknow,5,20.71,0.05,UPI,Delivered
ORD00259,2025-09-28,CUST0033,Coffee Maker,Home,West,Ahmedabad,2,94.82,0.0,Debit Card,Delivered
ORD00260,2025-09-30,CUST0098,Office Chair,Furniture,West,Mumbai,2,144.09,0.0,Debit Card,Delivered
ORD00261,2025-01-17,CUST0208,Notebook,Stationery,North,Lucknow,4,8.15,0.0,Credit Card,Delivered
ORD00262,2025-11-01,CUST0009,Smartphone,Electronics,North,Jaipur,5,431.56,0.0,Credit Card,Returned
ORD00263,2025-08-13,CUST0060,Laptop,Electronics,West,Ahmedabad,2,676.46,0.0,Credit Card,Cancelled
ORD00264,2025-10-22,CUST0082,Backpack,Accessories,South,Hyderabad,5,46.96,0.05,Credit Card,Delivered
ORD00265,2025-07-31,CUST0077,Headphones,Electronics,South,Chennai,1,65.59,0.15,Credit Card,Returned
ORD00266,2025-10-12,CUST0127,Office Chair,Furniture,West,Mumbai,3,155.24,0.1,Net Banking,Delivered
ORD00267,2025-07-29,CUST0039,Notebook,Stationery,West,Pune,4,7.6,0.15,Cash on Delivery,Delivered
ORD00268,2025-12-29,CUST0037,Smart Watch,Electronics,East,Bhubaneswar,1,111.1,0.1,Net Banking,Cancelled
ORD00269,2025-05-05,CUST0066,Headphones,Electronics,West,Mumbai,3,66.53,0.1,Debit Card,Delivered
ORD00270,2025-01-27,CUST0069,Coffee Maker,Home,South,Chennai,5,91.48,0.0,Credit Card,Cancelled
ORD00271,2025-09-03,CUST0054,Notebook,Stationery,South,Chennai,3,8.58,0.0,Credit Card,Delivered
ORD00272,2025-09-03,CUST0235,Notebook,Stationery,North,Delhi,5,8.26,0.1,Credit Card,Cancelled
ORD00273,2025-07-14,CUST0120,Running Shoes,Fashion,East,Patna,3,72.7,0.05,Net Banking,Delivered
ORD00274,2025-08-29,CUST0195,Jeans,Fashion,North,Jaipur,2,47.01,0.1,UPI,Cancelled
ORD00275,2025-01-09,CUST0067,Smart Watch,Electronics,South,Hyderabad,5,111.39,0.1,Debit Card,Delivered
ORD00276,2025-04-28,CUST0098,Smart Watch,Electronics,East,Patna,2,109.99,0.05,Debit Card,Delivered
ORD00277,2025-08-24,CUST0044,Notebook,Stationery,West,Ahmedabad,3,7.58,0.15,Cash on Delivery,Delivered
ORD00278,2025-09-26,CUST0009,Coffee Maker,Home,North,Delhi,1,93.81,0.1,Credit Card,Returned
ORD00279,2025-12-29,CUST0039,Smart Watch,Electronics,North,Delhi,2,110.1,0.05,UPI,Cancelled
ORD00280,2025-12-04,CUST0125,Office Chair,Furniture,West,Mumbai,1,145.75,0.1,UPI,Delivered
ORD00281,2025-10-02,CUST0074,Coffee Maker,Home,East,Kolkata,5,94.51,0.1,Credit Card,Delivered
ORD00282,2025-05-04,CUST0050,Smartphone,Electronics,South,Hyderabad,5,403.36,0.05,Debit Card,Delivered
ORD00283,2025-07-27,CUST0118,Smartphone,Electronics,East,Patna,2,452.94,0.0,Debit Card,Returned
ORD00284,2025-02-17,CUST0104,Smartphone,Electronics,North,Jaipur,4,423.54,0.0,UPI,Returned
ORD00285,2025-09-13,CUST0217,Headphones,Electronics,North,Jaipur,3,65.68,0.0,Net Banking,Delivered
ORD00286,2025-12-21,CUST0228,Smart Watch,Electronics,South,Hyderabad,4,105.97,0.0,Debit Card,Cancelled
ORD00287,2025-04-02,CUST0238,Desk Lamp,Home,North,Jaipur,1,30.07,0.15,Credit Card,Returned
ORD00288,2025-06-03,CUST0042,T-Shirt,Fashion,North,Lucknow,2,22.23,0.1,Net Banking,Delivered
ORD00289,2025-12-19,CUST0186,T-Shirt,Fashion,South,Bengaluru,5,22.86,0.05,UPI,Delivered
ORD00290,2025-02-08,CUST0088,T-Shirt,Fashion,South,Hyderabad,5,23.6,0.1,Debit Card,Delivered
ORD00291,2025-08-19,CUST0126,Office Chair,Furniture,East,Kolkata,3,146.23,0.1,Cash on Delivery,Delivered
ORD00292,2025-02-13,CUST0198,Office Chair,Furniture,West,Ahmedabad,3,151.91,0.0,UPI,Delivered
ORD00293,2025-12-31,CUST0201,Headphones,Electronics,West,Ahmedabad,2,67.49,0.05,Debit Card,Delivered
ORD00294,2025-06-07,CUST0114,Smartphone,Electronics,North,Jaipur,3,393.27,0.0,Credit Card,Delivered
ORD00295,2025-02-22,CUST0007,Jeans,Fashion,West,Mumbai,3,48.42,0.15,Net Banking,Delivered
ORD00296,2025-05-30,CUST0106,T-Shirt,Fashion,North,Jaipur,1,22.79,0.15,Credit Card,Cancelled
ORD00297,2025-12-17,CUST0098,Coffee Maker,Home,South,Bengaluru,2,86.67,0.05,Cash on Delivery,Delivered
ORD00298,2025-08-11,CUST0071,Smartphone,Electronics,South,Chennai,3,418.94,0.0,Debit Card,Delivered
ORD00299,2025-11-01,CUST0158,Smart Watch,Electronics,West,Mumbai,4,103.08,0.05,UPI,Delivered
ORD00300,2025-06-18,CUST0113,Running Shoes,Fashion,West,Pune,4,78.79,0.15,Credit Card,Delivered
ORD00301,2025-09-03,CUST0081,Running Shoes,Fashion,South,Bengaluru,4,80.62,0.05,Cash on Delivery,Cancelled
ORD00302,2025-07-12,CUST0072,Smart Watch,Electronics,East,Bhubaneswar,3,103.2,0.15,Credit Card,Cancelled
ORD00303,2025-12-16,CUST0197,Coffee Maker,Home,South,Hyderabad,1,96.52,0.1,Credit Card,Delivered
ORD00304,2025-07-29,CUST0173,Backpack,Accessories,North,Jaipur,2,45.96,0.0,Debit Card,Returned
ORD00305,2025-07-13,CUST0019,Headphones,Electronics,West,Pune,5,64.78,0.1,Net Banking,Cancelled
ORD00306,2025-10-06,CUST0010,Notebook,Stationery,West,Pune,5,8.12,0.0,UPI,Delivered
ORD00307,2025-03-27,CUST0166,Office Chair,Furniture,East,Patna,1,146.47,0.1,Debit Card,Delivered
ORD00308,2025-02-20,CUST0067,Smartphone,Electronics,North,Delhi,5,436.59,0.15,Net Banking,Returned
ORD00309,2025-08-17,CUST0096,Desk Lamp,Home,South,Chennai,4,29.22,0.15,Net Banking,Delivered
ORD00310,2025-09-05,CUST0027,Running Shoes,Fashion,North,Jaipur,4,80.05,0.0,UPI,Returned
ORD00311,2025-06-09,CUST0088,Headphones,Electronics,East,Bhubaneswar,2,65.22,0.05,Cash on Delivery,Delivered
ORD00312,2025-06-13,CUST0018,Jeans,Fashion,West,Pune,1,50.38,0.0,UPI,Delivered
ORD00313,2025-12-13,CUST0205,Office Chair,Furniture,North,Delhi,2,145.37,0.15,Credit Card,Delivered
ORD00314,2025-08-25,CUST0060,Coffee Maker,Home,West,Pune,2,85.48,0.1,Cash on Delivery,Delivered
ORD00315,2025-08-19,CUST0152,Notebook,Stationery,South,Chennai,4,7.37,0.0,Credit Card,Delivered
ORD00316,2025-10-23,CUST0027,Notebook,Stationery,North,Lucknow,2,7.83,0.0,Cash on Delivery,Delivered
ORD00317,2025-09-28,CUST0248,Backpack,Accessories,West,Ahmedabad,3,45.7,0.15,Cash on Delivery,Cancelled
ORD00318,2025-06-30,CUST0217,Smartphone,Electronics,East,Bhubaneswar,5,397.99,0.05,Net Banking,Cancelled
ORD00319,2025-06-10,CUST0031,Smartphone,Electronics,South,Bengaluru,3,394.26,0.05,Credit Card,Cancelled
ORD00320,2025-11-02,CUST0036,T-Shirt,Fashion,West,Ahmedabad,4,21.73,0.1,Net Banking,Returned
ORD00321,2025-10-12,CUST0043,Office Chair,Furniture,South,Chennai,3,136.65,0.05,Cash on Delivery,Cancelled
ORD00322,2025-01-05,CUST0125,Laptop,Electronics,East,Kolkata,2,682.78,0.15,Net Banking,Returned
ORD00323,2025-12-17,CUST0126,Jeans,Fashion,West,Pune,4,47.91,0.0,Net Banking,Delivered
ORD00324,2025-01-17,CUST0071,Smart Watch,Electronics,East,Kolkata,5,106.28,0.1,Net Banking,Returned
ORD00325,2025-10-21,CUST0030,Jeans,Fashion,North,Jaipur,5,50.48,0.05,Net Banking,Delivered
ORD00326,2025-10-07,CUST0056,Notebook,Stationery,West,Pune,1,8.3,0.0,Debit Card,Delivered
ORD00327,2025-06-28,CUST0221,Jeans,Fashion,East,Kolkata,4,50.81,0.0,Credit Card,Delivered
ORD00328,2025-12-30,CUST0157,Notebook,Stationery,East,Patna,4,7.57,0.0,Credit Card,Delivered
ORD00329,2025-09-30,CUST0072,Laptop,Electronics,East,Patna,5,615.51,0.05,Debit Card,Cancelled
ORD00330,2025-03-11,CUST0247,Backpack,Accessories,North,Jaipur,1,48.55,0.0,Credit Card,Delivered
ORD00331,2025-05-07,CUST0195,Headphones,Electronics,East,Patna,4,64.89,0.15,Debit Card,Returned
ORD00332,2025-08-20,CUST0020,T-Shirt,Fashion,West,Ahmedabad,1,21.66,0.05,Debit Card,Delivered
ORD00333,2025-10-25,CUST0001,Jeans,Fashion,East,Patna,1,49.77,0.1,Debit Card,Delivered
ORD00334,2025-04-22,CUST0248,Coffee Maker,Home,West,Pune,2,89.92,0.05,Debit Card,Delivered
ORD00335,2025-10-17,CUST0219,Coffee Maker,Home,South,Chennai,3,95.68,0.0,UPI,Delivered
ORD00336,2025-01-09,CUST0032,Office Chair,Furniture,West,Mumbai,4,143.99,0.1,Credit Card,Returned
ORD00337,2025-03-23,CUST0224,Headphones,Electronics,East,Bhubaneswar,1,66.61,0.05,UPI,Delivered
ORD00338,2025-01-27,CUST0102,Office Chair,Furniture,South,Hyderabad,3,150.24,0.0,Cash on Delivery,Returned
ORD00339,2025-01-01,CUST0055,Smartphone,Electronics,North,Jaipur,1,395.32,0.0,Net Banking,Returned
ORD00340,2025-01-05,CUST0179,Jeans,Fashion,North,Jaipur,1,51.75,0.1,Credit Card,Delivered
ORD00341,2025-07-16,CUST0023,Smartphone,Electronics,South,Hyderabad,1,393.34,0.05,Debit Card,Delivered
ORD00342,2025-11-25,CUST0174,T-Shirt,Fashion,South,Bengaluru,1,22.11,0.0,Net Banking,Returned
ORD00343,2025-06-29,CUST0185,Headphones,Electronics,West,Mumbai,2,69.37,0.15,Cash on Delivery,Delivered
ORD00344,2025-03-13,CUST0193,Smartphone,Electronics,North,Delhi,5,435.46,0.05,Cash on Delivery,Delivered
ORD00345,2025-05-22,CUST0166,Headphones,Electronics,South,Bengaluru,2,65.56,0.15,Net Banking,Delivered
ORD00346,2025-12-04,CUST0225,Notebook,Stationery,North,Jaipur,2,8.02,0.15,Credit Card,Returned
ORD00347,2025-11-27,CUST0014,T-Shirt,Fashion,East,Kolkata,4,21.6,0.0,Cash on Delivery,Returned
ORD00348,2025-09-28,CUST0228,Desk Lamp,Home,North,Delhi,3,29.94,0.0,Cash on Delivery,Cancelled
ORD00349,2025-10-07,CUST0175,T-Shirt,Fashion,East,Kolkata,4,23.6,0.0,UPI,Cancelled
ORD00350,2025-05-15,CUST0056,Smartphone,Electronics,North,Delhi,1,450.15,0.1,Net Banking,Delivered
ORD00351,2025-08-05,CUST0180,Office Chair,Furniture,West,Pune,1,148.26,0.15,Net Banking,Delivered
ORD00352,2025-06-08,CUST0021,Backpack,Accessories,North,Lucknow,2,48.42,0.0,Net Banking,Delivered
ORD00353,2025-06-08,CUST0179,T-Shirt,Fashion,North,Jaipur,2,20.44,0.0,Cash on Delivery,Delivered
ORD00354,2025-06-08,CUST0171,Jeans,Fashion,North,Lucknow,2,45.08,0.0,UPI,Delivered
ORD00355,2025-09-25,CUST0133,Jeans,Fashion,East,Patna,3,45.44,0.0,Debit Card,Returned
ORD00356,2025-06-21,CUST0207,Smartphone,Electronics,North,Jaipur,3,421.6,0.05,Net Banking,Returned
ORD00357,2025-08-22,CUST0131,Smartphone,Electronics,West,Pune,1,419.97,0.15,Credit Card,Delivered
ORD00358,2025-02-22,CUST0229,Headphones,Electronics,East,Patna,1,62.18,0.15,UPI,Delivered
ORD00359,2025-01-24,CUST0121,Laptop,Electronics,South,Chennai,4,693.7,0.0,UPI,Cancelled
ORD00360,2025-04-25,CUST0083,Notebook,Stationery,West,Mumbai,4,8.53,0.05,Debit Card,Delivered
ORD00361,2025-03-03,CUST0129,Desk Lamp,Home,East,Patna,1,26.56,0.15,UPI,Delivered
ORD00362,2025-05-25,CUST0199,Smartphone,Electronics,West,Pune,3,392.21,0.1,UPI,Delivered
ORD00363,2025-10-16,CUST0201,Smart Watch,Electronics,East,Bhubaneswar,5,105.47,0.05,Net Banking,Delivered
ORD00364,2025-03-19,CUST0002,Smart Watch,Electronics,South,Chennai,1,105.3,0.05,UPI,Delivered
ORD00365,2025-06-07,CUST0027,Laptop,Electronics,West,Mumbai,5,700.24,0.1,Cash on Delivery,Delivered
ORD00366,2025-02-17,CUST0012,Headphones,Electronics,East,Kolkata,5,64.1,0.05,Cash on Delivery,Returned
ORD00367,2025-09-16,CUST0035,Smartphone,Electronics,North,Lucknow,4,391.43,0.15,UPI,Delivered
ORD00368,2025-05-02,CUST0075,Office Chair,Furniture,South,Chennai,3,154.88,0.1,Debit Card,Delivered
ORD00369,2025-04-30,CUST0020,Jeans,Fashion,East,Kolkata,2,50.15,0.15,UPI,Delivered
ORD00370,2025-08-19,CUST0120,Smartphone,Electronics,South,Chennai,4,394.51,0.05,Credit Card,Delivered
ORD00371,2025-05-16,CUST0219,Backpack,Accessories,West,Mumbai,1,42.53,0.05,Net Banking,Delivered
ORD00372,2025-03-17,CUST0024,Smart Watch,Electronics,East,Patna,2,118.24,0.1,Net Banking,Delivered
ORD00373,2025-05-14,CUST0210,Office Chair,Furniture,East,Kolkata,1,155.49,0.1,Net Banking,Returned
ORD00374,2025-02-18,CUST0119,Coffee Maker,Home,South,Bengaluru,2,84.55,0.0,Credit Card,Delivered
ORD00375,2025-07-10,CUST0176,Smart Watch,Electronics,West,Ahmedabad,1,111.45,0.05,UPI,Delivered
ORD00376,2025-11-27,CUST0114,Smartphone,Electronics,South,Bengaluru,1,447.22,0.05,UPI,Delivered
ORD00377,2025-03-28,CUST0237,Jeans,Fashion,North,Lucknow,4,50.47,0.1,Cash on Delivery,Delivered
ORD00378,2025-03-30,CUST0091,T-Shirt,Fashion,West,Mumbai,2,21.21,0.1,Credit Card,Delivered
ORD00379,2025-11-28,CUST0076,Desk Lamp,Home,South,Chennai,4,29.71,0.1,UPI,Delivered
ORD00380,2025-03-12,CUST0108,Backpack,Accessories,West,Mumbai,5,43.19,0.15,UPI,Delivered
ORD00381,2025-09-03,CUST0140,Notebook,Stationery,East,Bhubaneswar,3,8.53,0.15,Debit Card,Delivered
ORD00382,2025-01-14,CUST0082,Backpack,Accessories,South,Hyderabad,2,41.61,0.05,UPI,Delivered
ORD00383,2025-10-27,CUST0060,Coffee Maker,Home,East,Kolkata,1,86.37,0.0,Debit Card,Cancelled
ORD00384,2025-04-23,CUST0148,Notebook,Stationery,North,Jaipur,3,8.56,0.0,Credit Card,Delivered
ORD00385,2025-12-24,CUST0092,Desk Lamp,Home,East,Patna,1,28.91,0.05,Net Banking,Cancelled
ORD00386,2025-09-10,CUST0139,Headphones,Electronics,South,Chennai,2,64.9,0.0,UPI,Delivered
ORD00387,2025-01-11,CUST0135,Desk Lamp,Home,South,Chennai,1,27.25,0.15,Credit Card,Delivered
ORD00388,2025-06-15,CUST0016,Running Shoes,Fashion,South,Bengaluru,2,76.04,0.0,UPI,Cancelled
ORD00389,2025-07-11,CUST0181,Running Shoes,Fashion,North,Lucknow,4,76.03,0.05,Debit Card,Delivered
ORD00390,2025-08-12,CUST0203,Headphones,Electronics,South,Hyderabad,4,66.55,0.0,Net Banking,Returned
ORD00391,2025-04-25,CUST0171,Desk Lamp,Home,East,Patna,2,27.46,0.05,Credit Card,Delivered
ORD00392,2025-12-26,CUST0243,Notebook,Stationery,North,Lucknow,4,8.45,0.15,UPI,Delivered
ORD00393,2025-11-10,CUST0057,Desk Lamp,Home,East,Patna,5,26.23,0.1,Credit Card,Delivered
ORD00394,2025-05-02,CUST0089,Notebook,Stationery,North,Jaipur,2,8.17,0.0,Debit Card,Delivered
ORD00395,2025-04-18,CUST0064,Laptop,Electronics,East,Patna,1,634.45,0.0,UPI,Delivered
ORD00396,2025-08-03,CUST0249,T-Shirt,Fashion,West,Mumbai,4,21.98,0.1,Debit Card,Cancelled
ORD00397,2025-09-03,CUST0202,T-Shirt,Fashion,North,Lucknow,2,20.81,0.0,UPI,Delivered
ORD00398,2025-05-14,CUST0244,Laptop,Electronics,East,Kolkata,1,633.55,0.1,Credit Card,Returned
ORD00399,2025-06-23,CUST0153,Smartphone,Electronics,North,Lucknow,4,433.74,0.1,Credit Card,Cancelled
ORD00400,2025-01-28,CUST0026,T-Shirt,Fashion,South,Chennai,2,23.67,0.1,Net Banking,Returned
ORD00401,2025-12-05,CUST0073,Notebook,Stationery,East,Bhubaneswar,2,7.48,0.1,Net Banking,Cancelled
ORD00402,2025-01-28,CUST0093,Jeans,Fashion,South,Bengaluru,4,44.83,0.15,Cash on Delivery,Delivered
ORD00403,2025-04-16,CUST0044,Smartphone,Electronics,North,Lucknow,3,452.06,0.1,UPI,Delivered
ORD00404,2025-09-08,CUST0230,T-Shirt,Fashion,West,Ahmedabad,3,20.56,0.15,Cash on Delivery,Delivered
ORD00405,2025-07-09,CUST0048,Running Shoes,Fashion,West,Pune,1,72.16,0.1,Debit Card,Delivered
ORD00406,2025-03-19,CUST0193,Backpack,Accessories,North,Lucknow,1,42.02,0.05,Net Banking,Delivered
ORD00407,2025-10-11,CUST0016,Desk Lamp,Home,South,Chennai,5,27.64,0.15,Cash on Delivery,Cancelled
ORD00408,2025-06-03,CUST0021,Smart Watch,Electronics,West,Pune,1,110.04,0.15,Net Banking,Returned
ORD00409,2025-03-03,CUST0244,Desk Lamp,Home,South,Chennai,2,30.01,0.0,Credit Card,Delivered
ORD00410,2025-08-05,CUST0021,Headphones,Electronics,North,Lucknow,4,61.9,0.0,Net Banking,Delivered
ORD00411,2025-02-14,CUST0100,Running Shoes,Fashion,North,Lucknow,4,75.62,0.05,Net Banking,Delivered
ORD00412,2025-02-27,CUST0107,Laptop,Electronics,West,Mumbai,2,656.93,0.15,UPI,Delivered
ORD00413,2025-05-27,CUST0223,Desk Lamp,Home,North,Lucknow,3,29.69,0.05,Cash on Delivery,Returned
ORD00414,2025-01-20,CUST0045,Jeans,Fashion,West,Pune,4,45.26,0.15,Cash on Delivery,Delivered
ORD00415,2025-12-20,CUST0061,T-Shirt,Fashion,East,Kolkata,4,23.48,0.05,UPI,Delivered
ORD00416,2025-05-24,CUST0216,Backpack,Accessories,East,Bhubaneswar,1,48.4,0.0,Credit Card,Delivered
ORD00417,2025-06-14,CUST0069,Notebook,Stationery,West,Ahmedabad,4,8.13,0.0,Credit Card,Delivered
ORD00418,2025-09-06,CUST0195,Smart Watch,Electronics,West,Ahmedabad,3,115.65,0.15,Credit Card,Delivered
ORD00419,2025-03-11,CUST0200,Backpack,Accessories,West,Ahmedabad,5,41.61,0.0,Credit Card,Delivered
ORD00420,2025-08-22,CUST0013,Smart Watch,Electronics,North,Jaipur,2,106.02,0.1,Net Banking,Delivered
ORD00421,2025-12-15,CUST0008,Office Chair,Furniture,North,Delhi,3,144.74,0.1,Credit Card,Delivered
ORD00422,2025-06-26,CUST0042,Desk Lamp,Home,East,Bhubaneswar,1,27.04,0.1,UPI,Delivered
ORD00423,2025-04-24,CUST0166,Desk Lamp,Home,South,Bengaluru,2,26.97,0.1,Net Banking,Delivered
ORD00424,2025-08-31,CUST0234,Office Chair,Furniture,North,Delhi,2,147.35,0.0,Credit Card,Delivered
ORD00425,2025-12-31,CUST0248,Desk Lamp,Home,East,Patna,3,27.66,0.1,Debit Card,Delivered
ORD00426,2025-08-27,CUST0078,Backpack,Accessories,South,Hyderabad,5,47.34,0.1,Net Banking,Delivered
ORD00427,2025-10-15,CUST0166,Laptop,Electronics,East,Patna,5,627.4,0.0,Cash on Delivery,Delivered
ORD00428,2025-11-24,CUST0084,Running Shoes,Fashion,East,Bhubaneswar,3,76.87,0.05,Credit Card,Delivered
ORD00429,2025-01-30,CUST0207,Coffee Maker,Home,South,Hyderabad,4,92.31,0.0,UPI,Returned
ORD00430,2025-05-13,CUST0233,Jeans,Fashion,East,Bhubaneswar,4,47.14,0.0,Net Banking,Returned
ORD00431,2025-06-25,CUST0186,Desk Lamp,Home,South,Hyderabad,2,28.83,0.1,Debit Card,Cancelled
ORD00432,2025-12-03,CUST0225,Backpack,Accessories,South,Hyderabad,2,43.52,0.1,Credit Card,Returned
ORD00433,2025-12-15,CUST0231,Backpack,Accessories,South,Chennai,1,43.0,0.0,Debit Card,Delivered
ORD00434,2025-05-14,CUST0150,Running Shoes,Fashion,East,Bhubaneswar,4,79.21,0.1,UPI,Returned
ORD00435,2025-08-30,CUST0228,Desk Lamp,Home,North,Delhi,5,26.3,0.1,Net Banking,Delivered
ORD00436,2025-03-19,CUST0036,T-Shirt,Fashion,North,Delhi,3,21.68,0.15,Cash on Delivery,Delivered
ORD00437,2025-02-11,CUST0125,Running Shoes,Fashion,South,Chennai,2,72.76,0.0,UPI,Delivered
ORD00438,2025-03-28,CUST0148,Backpack,Accessories,South,Bengaluru,4,47.05,0.0,Credit Card,Cancelled
ORD00439,2025-07-26,CUST0110,T-Shirt,Fashion,West,Pune,4,20.26,0.15,Credit Card,Returned
ORD00440,2025-06-14,CUST0194,Running Shoes,Fashion,North,Lucknow,2,69.21,0.0,Credit Card,Delivered
ORD00441,2025-06-09,CUST0034,Notebook,Stationery,East,Kolkata,4,8.0,0.05,Credit Card,Delivered
ORD00442,2025-05-29,CUST0117,Laptop,Electronics,East,Patna,5,660.02,0.05,Cash on Delivery,Returned
ORD00443,2025-09-08,CUST0092,Headphones,Electronics,East,Kolkata,2,69.66,0.1,UPI,Delivered
ORD00444,2025-04-19,CUST0188,Smart Watch,Electronics,South,Bengaluru,5,110.08,0.0,Debit Card,Returned
ORD00445,2025-07-12,CUST0225,Office Chair,Furniture,North,Lucknow,3,151.29,0.15,UPI,Cancelled
ORD00446,2025-12-01,CUST0215,Laptop,Electronics,North,Delhi,1,669.73,0.1,Cash on Delivery,Delivered
ORD00447,2025-08-31,CUST0180,Smartphone,Electronics,East,Kolkata,2,433.12,0.0,Debit Card,Delivered
ORD00448,2025-12-06,CUST0134,Office Chair,Furniture,North,Jaipur,5,147.45,0.0,Cash on Delivery,Delivered
ORD00449,2025-05-25,CUST0030,Coffee Maker,Home,North,Delhi,4,85.66,0.0,Debit Card,Cancelled
ORD00450,2025-12-27,CUST0105,Smart Watch,Electronics,East,Bhubaneswar,2,101.89,0.1,Credit Card,Returned
ORD00451,2025-05-01,CUST0001,Jeans,Fashion,East,Kolkata,1,51.12,0.15,Cash on Delivery,Delivered
ORD00452,2025-02-21,CUST0232,Smartphone,Electronics,North,Jaipur,2,417.09,0.05,Debit Card,Delivered
ORD00453,2025-03-31,CUST0224,Laptop,Electronics,North,Delhi,3,635.46,0.05,Cash on Delivery,Returned
ORD00454,2025-01-24,CUST0003,Smartphone,Electronics,North,Delhi,2,408.49,0.1,Net Banking,Delivered
ORD00455,2025-07-10,CUST0209,Notebook,Stationery,North,Jaipur,2,7.51,0.1,Cash on Delivery,Delivered
ORD00456,2025-08-04,CUST0167,T-Shirt,Fashion,West,Mumbai,1,20.71,0.0,Credit Card,Delivered
ORD00457,2025-10-19,CUST0174,T-Shirt,Fashion,West,Pune,2,22.39,0.05,Net Banking,Delivered
ORD00458,2025-09-05,CUST0236,Office Chair,Furniture,South,Chennai,1,153.99,0.1,UPI,Delivered
ORD00459,2025-01-07,CUST0181,Backpack,Accessories,East,Patna,5,46.93,0.15,Net Banking,Delivered
ORD00460,2025-09-23,CUST0134,Office Chair,Furniture,East,Patna,5,135.61,0.0,Cash on Delivery,Delivered
ORD00461,2025-03-18,CUST0215,Office Chair,Furniture,West,Ahmedabad,5,134.67,0.0,Net Banking,Delivered
ORD00462,2025-02-08,CUST0193,Jeans,Fashion,South,Chennai,3,46.01,0.05,UPI,Cancelled
ORD00463,2025-07-26,CUST0210,Smart Watch,Electronics,West,Mumbai,1,109.28,0.15,Cash on Delivery,Delivered
ORD00464,2025-06-11,CUST0031,Jeans,Fashion,West,Pune,1,44.95,0.1,UPI,Cancelled
ORD00465,2025-02-16,CUST0203,Coffee Maker,Home,North,Lucknow,5,91.98,0.15,Net Banking,Delivered
ORD00466,2025-06-24,CUST0094,Office Chair,Furniture,West,Mumbai,2,152.99,0.05,Net Banking,Cancelled
ORD00467,2025-12-03,CUST0094,Desk Lamp,Home,West,Ahmedabad,4,26.27,0.0,UPI,Delivered
ORD00468,2025-10-08,CUST0134,Running Shoes,Fashion,East,Bhubaneswar,1,69.55,0.0,Cash on Delivery,Delivered
ORD00469,2025-02-24,CUST0066,Notebook,Stationery,West,Ahmedabad,2,7.6,0.1,Credit Card,Delivered
ORD00470,2025-02-25,CUST0194,Smart Watch,Electronics,East,Bhubaneswar,1,117.51,0.15,UPI,Delivered
ORD00471,2025-09-13,CUST0002,Jeans,Fashion,South,Hyderabad,1,48.41,0.1,Net Banking,Delivered
ORD00472,2025-12-21,CUST0149,Coffee Maker,Home,South,Bengaluru,2,84.29,0.15,Net Banking,Delivered
ORD00473,2025-08-03,CUST0156,Coffee Maker,Home,West,Ahmedabad,2,86.74,0.05,Debit Card,Delivered
ORD00474,2025-07-31,CUST0155,Headphones,Electronics,South,Hyderabad,5,62.91,0.15,Debit Card,Returned
ORD00475,2025-04-13,CUST0054,Notebook,Stationery,South,Hyderabad,3,8.24,0.0,Credit Card,Cancelled
ORD00476,2025-12-30,CUST0030,Coffee Maker,Home,East,Bhubaneswar,5,89.72,0.15,Cash on Delivery,Returned
ORD00477,2025-08-05,CUST0207,Notebook,Stationery,East,Kolkata,5,7.5,0.1,Credit Card,Delivered
ORD00478,2025-04-13,CUST0069,Office Chair,Furniture,North,Delhi,3,149.25,0.0,UPI,Returned
ORD00479,2025-10-05,CUST0009,Backpack,Accessories,South,Chennai,4,42.14,0.15,Credit Card,Returned
ORD00480,2025-05-02,CUST0131,Office Chair,Furniture,West,Ahmedabad,3,149.48,0.0,Cash on Delivery,Delivered
ORD00481,2025-10-10,CUST0014,T-Shirt,Fashion,East,Kolkata,3,20.95,0.1,Credit Card,Returned
ORD00482,2025-10-29,CUST0140,Notebook,Stationery,East,Patna,5,7.61,0.0,Debit Card,Delivered
ORD00483,2025-04-06,CUST0247,Headphones,Electronics,North,Delhi,5,61.04,0.0,Cash on Delivery,Delivered
ORD00484,2025-03-08,CUST0042,Coffee Maker,Home,East,Patna,3,82.88,0.1,Credit Card,Delivered
ORD00485,2025-11-02,CUST0014,Headphones,Electronics,East,Patna,5,68.57,0.05,Cash on Delivery,Cancelled
ORD00486,2025-02-07,CUST0201,Coffee Maker,Home,East,Patna,3,90.37,0.0,Net Banking,Delivered
ORD00487,2025-08-01,CUST0140,Coffee Maker,Home,South,Hyderabad,4,84.12,0.0,Credit Card,Returned
ORD00488,2025-07-04,CUST0076,Running Shoes,Fashion,East,Kolkata,5,75.37,0.15,UPI,Delivered
ORD00489,2025-08-17,CUST0062,Office Chair,Furniture,East,Patna,5,154.71,0.0,UPI,Returned
ORD00490,2025-02-28,CUST0099,Running Shoes,Fashion,West,Pune,5,77.69,0.0,Net Banking,Delivered
ORD00491,2025-09-07,CUST0012,Coffee Maker,Home,West,Pune,2,87.41,0.0,UPI,Delivered
ORD00492,2025-11-17,CUST0017,Coffee Maker,Home,North,Delhi,2,95.26,0.1,UPI,Delivered
ORD00493,2025-11-28,CUST0210,Coffee Maker,Home,West,Mumbai,2,83.14,0.05,UPI,Delivered
ORD00494,2025-04-02,CUST0204,Smartphone,Electronics,North,Jaipur,5,391.13,0.0,Debit Card,Delivered
ORD00495,2025-11-19,CUST0104,T-Shirt,Fashion,West,Pune,3,20.3,0.0,Net Banking,Delivered
ORD00496,2025-10-27,CUST0012,Office Chair,Furniture,North,Lucknow,1,141.7,0.15,UPI,Delivered
ORD00497,2025-11-07,CUST0023,Office Chair,Furniture,East,Bhubaneswar,4,142.25,0.0,Cash on Delivery,Delivered
ORD00498,2025-03-11,CUST0192,Coffee Maker,Home,South,Chennai,5,87.05,0.0,Debit Card,Returned
ORD00499,2025-01-06,CUST0142,Notebook,Stationery,East,Patna,2,7.52,0.0,Net Banking,Cancelled
ORD00500,2025-06-06,CUST0054,T-Shirt,Fashion,North,Lucknow,3,20.99,0.15,Credit Card,Delivered
ORD00501,2025-11-12,CUST0214,Headphones,Electronics,South,Chennai,2,60.99,0.15,UPI,Cancelled
ORD00502,2025-05-29,CUST0172,Jeans,Fashion,North,Delhi,3,44.91,0.15,Cash on Delivery,Delivered
ORD00503,2025-12-10,CUST0168,Running Shoes,Fashion,South,Bengaluru,1,72.42,0.0,Credit Card,Delivered
ORD00504,2025-06-18,CUST0158,Jeans,Fashion,West,Ahmedabad,3,49.49,0.0,Net Banking,Cancelled
ORD00505,2025-08-08,CUST0044,Running Shoes,Fashion,East,Kolkata,3,71.95,0.0,Cash on Delivery,Delivered
ORD00506,2025-12-14,CUST0188,Running Shoes,Fashion,South,Chennai,4,74.55,0.05,Debit Card,Delivered
ORD00507,2025-03-31,CUST0166,Coffee Maker,Home,North,Lucknow,1,94.92,0.0,Net Banking,Delivered
ORD00508,2025-02-08,CUST0229,Backpack,Accessories,North,Delhi,5,45.95,0.15,Net Banking,Delivered
ORD00509,2025-01-19,CUST0142,Desk Lamp,Home,South,Chennai,5,29.77,0.15,Cash on Delivery,Returned
ORD00510,2025-07-20,CUST0058,Headphones,Electronics,East,Patna,3,61.19,0.15,Net Banking,Delivered
ORD00511,2025-09-15,CUST0003,T-Shirt,Fashion,East,Patna,2,23.22,0.15,Credit Card,Cancelled
ORD00512,2025-03-23,CUST0046,Headphones,Electronics,West,Ahmedabad,5,66.66,0.0,Cash on Delivery,Delivered
ORD00513,2025-09-07,CUST0060,Laptop,Electronics,South,Bengaluru,3,636.42,0.0,Credit Card,Cancelled
ORD00514,2025-08-29,CUST0235,Running Shoes,Fashion,West,Pune,1,69.48,0.05,UPI,Returned
ORD00515,2025-05-15,CUST0149,Coffee Maker,Home,East,Patna,5,85.3,0.1,Debit Card,Cancelled
ORD00516,2025-09-22,CUST0065,Office Chair,Furniture,North,Jaipur,2,145.38,0.05,Debit Card,Delivered
ORD00517,2025-09-14,CUST0226,Jeans,Fashion,North,Delhi,4,45.43,0.0,Net Banking,Returned
ORD00518,2025-03-18,CUST0048,Backpack,Accessories,South,Bengaluru,3,45.73,0.0,Credit Card,Delivered
ORD00519,2025-09-04,CUST0173,Running Shoes,Fashion,North,Jaipur,4,71.53,0.0,Cash on Delivery,Delivered
ORD00520,2025-03-07,CUST0147,Smart Watch,Electronics,North,Lucknow,2,103.57,0.15,UPI,Cancelled
ORD00521,2025-03-27,CUST0067,Headphones,Electronics,North,Delhi,5,69.77,0.15,Net Banking,Returned
ORD00522,2025-02-13,CUST0056,Laptop,Electronics,East,Bhubaneswar,5,701.25,0.1,Credit Card,Delivered
ORD00523,2025-10-26,CUST0211,T-Shirt,Fashion,South,Bengaluru,5,22.56,0.05,Credit Card,Returned
ORD00524,2025-08-21,CUST0153,Office Chair,Furniture,East,Patna,1,138.73,0.1,Credit Card,Delivered
ORD00525,2025-09-25,CUST0221,Laptop,Electronics,South,Hyderabad,4,683.96,0.15,UPI,Delivered
ORD00526,2025-09-30,CUST0129,Jeans,Fashion,North,Delhi,1,47.86,0.0,Net Banking,Cancelled
ORD00527,2025-09-25,CUST0108,Laptop,Electronics,West,Pune,1,670.55,0.1,Credit Card,Delivered
ORD00528,2025-10-29,CUST0206,T-Shirt,Fashion,East,Patna,5,20.58,0.0,Debit Card,Delivered
ORD00529,2025-05-26,CUST0154,Smart Watch,Electronics,North,Lucknow,4,105.74,0.0,UPI,Cancelled
ORD00530,2025-09-24,CUST0002,Coffee Maker,Home,North,Jaipur,2,92.7,0.05,Cash on Delivery,Delivered
ORD00531,2025-08-07,CUST0167,Smartphone,Electronics,South,Hyderabad,3,403.96,0.15,Cash on Delivery,Cancelled
ORD00532,2025-12-15,CUST0102,Running Shoes,Fashion,East,Kolkata,4,75.63,0.15,Cash on Delivery,Delivered
ORD00533,2025-05-10,CUST0079,Running Shoes,Fashion,West,Ahmedabad,3,78.29,0.1,Credit Card,Returned
ORD00534,2025-08-17,CUST0201,Smartphone,Electronics,South,Hyderabad,2,393.14,0.15,Cash on Delivery,Delivered
ORD00535,2025-03-24,CUST0100,Coffee Maker,Home,North,Lucknow,1,94.38,0.0,Cash on Delivery,Cancelled
ORD00536,2025-02-02,CUST0068,T-Shirt,Fashion,North,Delhi,3,20.52,0.0,Cash on Delivery,Delivered
ORD00537,2025-12-31,CUST0247,Desk Lamp,Home,East,Patna,1,30.0,0.0,Cash on Delivery,Delivered
ORD00538,2025-12-03,CUST0239,Laptop,Electronics,South,Hyderabad,3,618.25,0.15,Net Banking,Cancelled
ORD00539,2025-11-11,CUST0044,Notebook,Stationery,South,Hyderabad,1,7.82,0.0,Credit Card,Delivered
ORD00540,2025-06-30,CUST0172,Backpack,Accessories,West,Pune,4,45.62,0.15,UPI,Returned
ORD00541,2025-02-16,CUST0141,Notebook,Stationery,North,Jaipur,5,8.53,0.05,Debit Card,Delivered
ORD00542,2025-08-21,CUST0239,Smart Watch,Electronics,South,Chennai,5,101.28,0.0,Cash on Delivery,Cancelled
ORD00543,2025-09-15,CUST0076,Smartphone,Electronics,North,Jaipur,1,440.36,0.05,Net Banking,Cancelled
ORD00544,2025-07-13,CUST0145,Backpack,Accessories,West,Pune,2,46.85,0.1,Cash on Delivery,Cancelled
ORD00545,2025-03-01,CUST0067,Laptop,Electronics,West,Mumbai,4,663.9,0.0,Credit Card,Delivered
ORD00546,2025-09-22,CUST0138,T-Shirt,Fashion,East,Kolkata,3,21.11,0.0,Cash on Delivery,Returned
ORD00547,2025-02-08,CUST0142,Notebook,Stationery,East,Kolkata,4,7.76,0.0,Net Banking,Delivered
ORD00548,2025-09-13,CUST0189,Headphones,Electronics,South,Bengaluru,2,67.45,0.05,Credit Card,Delivered
ORD00549,2025-11-13,CUST0092,Smart Watch,Electronics,South,Bengaluru,1,103.31,0.0,Cash on Delivery,Cancelled
ORD00550,2025-09-04,CUST0096,Laptop,Electronics,North,Lucknow,3,649.2,0.15,Debit Card,Delivered
ORD00551,2025-07-23,CUST0057,Headphones,Electronics,East,Patna,2,60.36,0.1,Cash on Delivery,Cancelled
ORD00552,2025-07-21,CUST0221,Laptop,Electronics,East,Patna,2,645.55,0.0,Net Banking,Delivered
ORD00553,2025-01-07,CUST0173,Running Shoes,Fashion,North,Delhi,4,75.97,0.05,Debit Card,Cancelled
ORD00554,2025-10-08,CUST0068,Backpack,Accessories,South,Bengaluru,3,44.79,0.15,Debit Card,Delivered
ORD00555,2025-08-06,CUST0054,Headphones,Electronics,West,Pune,3,63.6,0.1,Debit Card,Delivered
ORD00556,2025-10-22,CUST0176,Headphones,Electronics,South,Bengaluru,1,67.3,0.0,Net Banking,Delivered
ORD00557,2025-03-16,CUST0205,T-Shirt,Fashion,South,Hyderabad,2,21.9,0.0,Credit Card,Delivered
ORD00558,2025-11-19,CUST0133,Jeans,Fashion,South,Hyderabad,3,50.19,0.05,Debit Card,Cancelled
ORD00559,2025-07-23,CUST0026,Desk Lamp,Home,North,Lucknow,2,26.03,0.05,Cash on Delivery,Returned
ORD00560,2025-06-21,CUST0067,Smartphone,Electronics,West,Pune,3,424.06,0.05,Debit Card,Delivered
ORD00561,2025-06-29,CUST0223,T-Shirt,Fashion,North,Lucknow,5,20.94,0.15,Net Banking,Delivered
ORD00562,2025-06-16,CUST0173,Backpack,Accessories,East,Patna,4,46.98,0.1,UPI,Delivered
ORD00563,2025-08-26,CUST0162,Desk Lamp,Home,East,Kolkata,2,28.63,0.05,Cash on Delivery,Returned
ORD00564,2025-02-06,CUST0021,Desk Lamp,Home,West,Mumbai,3,26.78,0.05,Debit Card,Returned
ORD00565,2025-05-19,CUST0228,Backpack,Accessories,West,Pune,3,46.78,0.15,Cash on Delivery,Delivered
ORD00566,2025-01-12,CUST0033,Headphones,Electronics,South,Hyderabad,2,66.69,0.0,Credit Card,Delivered
ORD00567,2025-02-18,CUST0017,T-Shirt,Fashion,North,Jaipur,5,20.43,0.1,Net Banking,Delivered
ORD00568,2025-11-13,CUST0040,Smartphone,Electronics,East,Kolkata,4,407.19,0.0,Debit Card,Delivered
ORD00569,2025-03-09,CUST0135,Office Chair,Furniture,South,Bengaluru,1,134.22,0.05,Debit Card,Delivered
ORD00570,2025-10-08,CUST0114,Jeans,Fashion,East,Kolkata,5,45.52,0.15,Cash on Delivery,Returned
ORD00571,2025-09-26,CUST0164,Notebook,Stationery,West,Ahmedabad,5,7.76,0.05,Cash on Delivery,Cancelled
ORD00572,2025-08-15,CUST0079,Smart Watch,Electronics,North,Jaipur,4,105.77,0.05,UPI,Delivered
ORD00573,2025-06-26,CUST0074,Coffee Maker,Home,South,Chennai,5,82.92,0.1,Cash on Delivery,Delivered
ORD00574,2025-05-30,CUST0153,Laptop,Electronics,West,Mumbai,1,655.01,0.0,Cash on Delivery,Cancelled
ORD00575,2025-05-08,CUST0042,T-Shirt,Fashion,West,Ahmedabad,4,23.16,0.0,Debit Card,Delivered
ORD00576,2025-09-22,CUST0196,T-Shirt,Fashion,South,Hyderabad,3,21.24,0.15,Debit Card,Delivered
ORD00577,2025-04-04,CUST0035,Smart Watch,Electronics,North,Jaipur,1,112.41,0.15,Cash on Delivery,Delivered
ORD00578,2025-04-07,CUST0083,Notebook,Stationery,West,Mumbai,2,7.42,0.15,UPI,Delivered
ORD00579,2025-05-18,CUST0033,Smartphone,Electronics,East,Patna,4,435.26,0.0,UPI,Delivered
ORD00580,2025-04-22,CUST0088,Laptop,Electronics,West,Pune,3,679.72,0.1,Debit Card,Delivered
ORD00581,2025-06-19,CUST0021,Notebook,Stationery,North,Delhi,1,7.7,0.1,UPI,Cancelled
ORD00582,2025-04-09,CUST0230,Jeans,Fashion,South,Chennai,4,50.52,0.0,Credit Card,Delivered
ORD00583,2025-01-18,CUST0051,Jeans,Fashion,South,Chennai,1,48.16,0.0,Cash on Delivery,Delivered
ORD00584,2025-06-15,CUST0041,Office Chair,Furniture,East,Patna,1,150.68,0.15,Net Banking,Delivered
ORD00585,2025-11-23,CUST0077,Backpack,Accessories,West,Mumbai,3,47.79,0.0,UPI,Delivered
ORD00586,2025-06-16,CUST0004,Office Chair,Furniture,West,Mumbai,3,146.96,0.1,Credit Card,Delivered
ORD00587,2025-12-19,CUST0153,Laptop,Electronics,West,Mumbai,3,678.16,0.0,Credit Card,Delivered
ORD00588,2025-11-17,CUST0016,Smartphone,Electronics,East,Kolkata,3,429.72,0.15,UPI,Delivered
ORD00589,2025-06-12,CUST0143,Jeans,Fashion,South,Hyderabad,3,50.35,0.1,Credit Card,Delivered
ORD00590,2025-07-03,CUST0186,Notebook,Stationery,West,Mumbai,3,8.51,0.1,Cash on Delivery,Cancelled
ORD00591,2025-04-08,CUST0146,Backpack,Accessories,West,Mumbai,5,43.9,0.1,Debit Card,Cancelled
ORD00592,2025-02-05,CUST0136,Coffee Maker,Home,South,Bengaluru,4,87.06,0.05,Net Banking,Delivered
ORD00593,2025-11-23,CUST0130,Jeans,Fashion,North,Jaipur,2,50.94,0.15,Debit Card,Cancelled
ORD00594,2025-02-02,CUST0169,Smart Watch,Electronics,East,Patna,4,104.54,0.1,Net Banking,Delivered
ORD00595,2025-06-15,CUST0105,Desk Lamp,Home,East,Patna,3,26.25,0.15,UPI,Delivered
ORD00596,2025-01-17,CUST0052,Headphones,Electronics,South,Bengaluru,4,61.79,0.0,Net Banking,Returned
ORD00597,2025-09-27,CUST0160,T-Shirt,Fashion,West,Ahmedabad,5,21.14,0.05,Credit Card,Cancelled
ORD00598,2025-01-07,CUST0239,Notebook,Stationery,North,Delhi,4,8.55,0.0,Cash on Delivery,Returned
ORD00599,2025-10-13,CUST0191,Laptop,Electronics,East,Bhubaneswar,3,680.6,0.0,Net Banking,Delivered
ORD00600,2025-02-06,CUST0214,Coffee Maker,Home,North,Jaipur,1,96.4,0.15,UPI,Delivered
ORD00601,2025-09-30,CUST0099,Notebook,Stationery,South,Bengaluru,2,8.03,0.0,Net Banking,Returned
ORD00602,2025-02-24,CUST0197,Headphones,Electronics,West,Ahmedabad,5,63.52,0.1,Cash on Delivery,Delivered
ORD00603,2025-10-09,CUST0103,Headphones,Electronics,South,Hyderabad,3,66.64,0.15,Net Banking,Delivered
ORD00604,2025-10-09,CUST0084,Running Shoes,Fashion,East,Bhubaneswar,4,78.17,0.1,Debit Card,Cancelled
ORD00605,2025-07-12,CUST0197,Smart Watch,Electronics,South,Hyderabad,3,107.54,0.1,Cash on Delivery,Delivered
ORD00606,2025-05-26,CUST0153,Laptop,Electronics,North,Delhi,5,612.05,0.05,UPI,Delivered
ORD00607,2025-06-11,CUST0006,Smart Watch,Electronics,South,Hyderabad,3,117.38,0.15,Net Banking,Cancelled
ORD00608,2025-02-18,CUST0010,Desk Lamp,Home,South,Chennai,3,26.46,0.05,Debit Card,Cancelled
ORD00609,2025-05-12,CUST0208,Smart Watch,Electronics,South,Chennai,1,111.24,0.15,Credit Card,Returned
ORD00610,2025-09-05,CUST0045,Smartphone,Electronics,East,Bhubaneswar,5,441.47,0.0,Net Banking,Returned
ORD00611,2025-10-23,CUST0098,Backpack,Accessories,North,Delhi,1,48.04,0.05,Debit Card,Delivered
ORD00612,2025-04-27,CUST0192,T-Shirt,Fashion,North,Lucknow,5,23.51,0.1,UPI,Delivered
ORD00613,2025-06-13,CUST0139,Coffee Maker,Home,North,Lucknow,2,87.51,0.0,Credit Card,Delivered
ORD00614,2025-08-17,CUST0193,Office Chair,Furniture,West,Ahmedabad,5,145.11,0.0,Cash on Delivery,Delivered
ORD00615,2025-03-09,CUST0087,T-Shirt,Fashion,South,Bengaluru,4,22.25,0.0,Net Banking,Delivered
ORD00616,2025-07-24,CUST0129,Backpack,Accessories,North,Jaipur,2,46.89,0.1,Net Banking,Delivered
ORD00617,2025-11-30,CUST0147,Jeans,Fashion,West,Mumbai,5,48.89,0.15,Credit Card,Delivered
ORD00618,2025-08-09,CUST0083,Smartphone,Electronics,East,Patna,5,392.42,0.1,Cash on Delivery,Delivered
ORD00619,2025-06-14,CUST0089,Running Shoes,Fashion,South,Hyderabad,1,78.24,0.0,Debit Card,Cancelled
ORD00620,2025-08-14,CUST0012,Jeans,Fashion,South,Bengaluru,2,49.42,0.0,UPI,Delivered
ORD00621,2025-05-05,CUST0243,Notebook,Stationery,North,Lucknow,2,8.47,0.05,UPI,Delivered
ORD00622,2025-06-06,CUST0116,Notebook,Stationery,North,Jaipur,1,7.78,0.15,Credit Card,Delivered
ORD00623,2025-10-08,CUST0124,Coffee Maker,Home,East,Patna,2,92.81,0.0,Cash on Delivery,Cancelled
ORD00624,2025-05-11,CUST0044,Office Chair,Furniture,North,Delhi,3,138.06,0.15,Debit Card,Delivered
ORD00625,2025-02-04,CUST0100,Jeans,Fashion,North,Lucknow,3,49.25,0.05,UPI,Delivered
ORD00626,2025-04-29,CUST0098,Backpack,Accessories,West,Ahmedabad,1,47.91,0.1,Net Banking,Cancelled
ORD00627,2025-04-12,CUST0129,Smartphone,Electronics,South,Chennai,5,448.65,0.0,UPI,Delivered
ORD00628,2025-06-20,CUST0126,Coffee Maker,Home,East,Bhubaneswar,2,83.06,0.05,Debit Card,Returned
ORD00629,2025-09-14,CUST0071,Backpack,Accessories,South,Bengaluru,3,47.73,0.0,Net Banking,Delivered
ORD00630,2025-06-24,CUST0230,Smart Watch,Electronics,South,Chennai,2,102.75,0.1,Net Banking,Returned
ORD00631,2025-08-02,CUST0062,Desk Lamp,Home,South,Hyderabad,2,27.67,0.05,Net Banking,Delivered
ORD00632,2025-04-16,CUST0168,Jeans,Fashion,South,Bengaluru,5,48.32,0.0,Credit Card,Delivered
ORD00633,2025-08-09,CUST0233,Notebook,Stationery,South,Bengaluru,5,8.53,0.05,UPI,Cancelled
ORD00634,2025-04-05,CUST0082,Coffee Maker,Home,North,Delhi,1,93.82,0.1,Cash on Delivery,Delivered
ORD00635,2025-03-19,CUST0200,Jeans,Fashion,East,Kolkata,1,45.17,0.0,Net Banking,Cancelled
ORD00636,2025-11-02,CUST0060,Backpack,Accessories,South,Bengaluru,1,43.99,0.1,Credit Card,Cancelled
ORD00637,2025-12-31,CUST0167,Desk Lamp,Home,West,Pune,2,29.58,0.1,Cash on Delivery,Delivered
ORD00638,2025-04-26,CUST0009,Headphones,Electronics,South,Chennai,1,69.42,0.1,Credit Card,Returned
ORD00639,2025-04-15,CUST0017,Office Chair,Furniture,South,Bengaluru,4,153.52,0.1,Debit Card,Delivered
ORD00640,2025-07-27,CUST0199,Smart Watch,Electronics,West,Mumbai,5,114.14,0.1,Debit Card,Delivered
ORD00641,2025-09-24,CUST0028,Desk Lamp,Home,North,Jaipur,4,29.47,0.0,Credit Card,Cancelled
ORD00642,2025-01-21,CUST0143,Coffee Maker,Home,West,Pune,5,93.82,0.0,Credit Card,Delivered
ORD00643,2025-06-05,CUST0199,Jeans,Fashion,West,Pune,4,45.44,0.05,Net Banking,Delivered
ORD00644,2025-08-26,CUST0213,Notebook,Stationery,South,Hyderabad,4,7.48,0.15,UPI,Delivered
ORD00645,2025-07-21,CUST0106,Desk Lamp,Home,South,Chennai,4,25.87,0.1,Net Banking,Returned
ORD00646,2025-02-16,CUST0065,Smart Watch,Electronics,West,Pune,2,113.84,0.0,UPI,Delivered
ORD00647,2025-11-21,CUST0093,Notebook,Stationery,West,Mumbai,5,8.27,0.15,Net Banking,Delivered
ORD00648,2025-01-23,CUST0197,T-Shirt,Fashion,West,Mumbai,3,22.23,0.0,Credit Card,Delivered
ORD00649,2025-08-03,CUST0079,Headphones,Electronics,North,Jaipur,4,62.8,0.0,UPI,Delivered
ORD00650,2025-11-15,CUST0196,Smart Watch,Electronics,North,Jaipur,1,109.27,0.1,Net Banking,Delivered
ORD00651,2025-05-02,CUST0056,Desk Lamp,Home,West,Ahmedabad,4,27.79,0.1,UPI,Cancelled
ORD00652,2025-05-06,CUST0226,Desk Lamp,Home,North,Lucknow,3,28.54,0.15,Credit Card,Delivered
ORD00653,2025-01-29,CUST0168,Headphones,Electronics,South,Chennai,1,61.31,0.0,Net Banking,Cancelled
ORD00654,2025-02-14,CUST0013,Backpack,Accessories,East,Kolkata,4,48.55,0.0,Debit Card,Cancelled
ORD00655,2025-08-22,CUST0192,Office Chair,Furniture,South,Hyderabad,3,155.01,0.0,Debit Card,Delivered
ORD00656,2025-02-04,CUST0195,Running Shoes,Fashion,West,Pune,5,69.78,0.1,Credit Card,Delivered
ORD00657,2025-06-18,CUST0135,Notebook,Stationery,East,Bhubaneswar,5,7.63,0.0,Net Banking,Delivered
ORD00658,2025-09-05,CUST0186,Smartphone,Electronics,North,Lucknow,5,449.16,0.05,Cash on Delivery,Cancelled
ORD00659,2025-09-27,CUST0148,Running Shoes,Fashion,East,Patna,3,80.13,0.15,Net Banking,Delivered
ORD00660,2025-09-10,CUST0207,Coffee Maker,Home,West,Mumbai,5,86.15,0.05,Credit Card,Delivered
ORD00661,2025-08-27,CUST0161,Smartphone,Electronics,North,Delhi,2,440.13,0.1,Cash on Delivery,Delivered
ORD00662,2025-10-14,CUST0207,Running Shoes,Fashion,East,Patna,2,69.14,0.0,Debit Card,Delivered
ORD00663,2025-06-03,CUST0130,Smartphone,Electronics,East,Patna,3,437.94,0.0,Debit Card,Delivered
ORD00664,2025-03-31,CUST0050,T-Shirt,Fashion,North,Jaipur,3,23.49,0.1,Cash on Delivery,Delivered
ORD00665,2025-09-04,CUST0040,Office Chair,Furniture,South,Hyderabad,4,154.1,0.15,Debit Card,Delivered
ORD00666,2025-09-24,CUST0077,T-Shirt,Fashion,North,Lucknow,3,22.19,0.0,Credit Card,Cancelled
ORD00667,2025-07-01,CUST0017,Office Chair,Furniture,East,Kolkata,3,152.91,0.05,Cash on Delivery,Returned
ORD00668,2025-10-20,CUST0156,Coffee Maker,Home,South,Chennai,2,91.37,0.05,Debit Card,Returned
ORD00669,2025-07-31,CUST0023,Laptop,Electronics,East,Bhubaneswar,2,636.64,0.05,Credit Card,Cancelled
ORD00670,2025-02-27,CUST0096,Backpack,Accessories,South,Bengaluru,2,47.98,0.1,Net Banking,Delivered
ORD00671,2025-04-08,CUST0088,Jeans,Fashion,South,Chennai,5,46.54,0.05,Credit Card,Delivered
ORD00672,2025-04-16,CUST0186,Coffee Maker,Home,South,Bengaluru,4,88.38,0.15,UPI,Delivered
ORD00673,2025-12-18,CUST0218,Backpack,Accessories,North,Lucknow,1,43.8,0.0,UPI,Cancelled
ORD00674,2025-01-12,CUST0148,Office Chair,Furniture,East,Bhubaneswar,2,140.84,0.0,Debit Card,Delivered
ORD00675,2025-08-14,CUST0172,Coffee Maker,Home,East,Kolkata,3,84.95,0.05,UPI,Delivered
ORD00676,2025-04-16,CUST0139,Desk Lamp,Home,North,Jaipur,5,27.19,0.0,Debit Card,Cancelled
ORD00677,2025-02-06,CUST0080,Smart Watch,Electronics,South,Hyderabad,3,110.71,0.0,Credit Card,Delivered
ORD00678,2025-02-24,CUST0099,Jeans,Fashion,North,Delhi,1,47.44,0.0,Net Banking,Cancelled
ORD00679,2025-11-12,CUST0092,Office Chair,Furniture,West,Pune,3,152.36,0.15,UPI,Delivered
ORD00680,2025-02-17,CUST0209,Desk Lamp,Home,South,Hyderabad,4,26.2,0.05,Cash on Delivery,Delivered
ORD00681,2025-03-15,CUST0221,Smart Watch,Electronics,South,Hyderabad,3,117.27,0.1,Credit Card,Returned
ORD00682,2025-06-16,CUST0117,Office Chair,Furniture,East,Bhubaneswar,1,134.92,0.0,Debit Card,Delivered
ORD00683,2025-05-25,CUST0197,Jeans,Fashion,South,Chennai,5,48.57,0.15,UPI,Delivered
ORD00684,2025-06-16,CUST0143,Notebook,Stationery,North,Lucknow,1,8.37,0.15,Cash on Delivery,Delivered
ORD00685,2025-05-03,CUST0159,Desk Lamp,Home,West,Mumbai,5,26.47,0.1,Cash on Delivery,Delivered
ORD00686,2025-12-22,CUST0152,Running Shoes,Fashion,South,Chennai,4,75.81,0.05,Net Banking,Returned
ORD00687,2025-12-06,CUST0172,Smart Watch,Electronics,South,Bengaluru,5,115.93,0.0,Net Banking,Cancelled
ORD00688,2025-10-12,CUST0025,Jeans,Fashion,East,Bhubaneswar,2,46.53,0.1,UPI,Cancelled
ORD00689,2025-06-17,CUST0127,Smartphone,Electronics,West,Ahmedabad,1,392.48,0.0,Net Banking,Returned
ORD00690,2025-12-05,CUST0039,Laptop,Electronics,South,Chennai,5,628.32,0.15,Net Banking,Delivered
ORD00691,2025-12-15,CUST0225,Smart Watch,Electronics,South,Chennai,3,111.24,0.05,Cash on Delivery,Returned
ORD00692,2025-10-26,CUST0003,Running Shoes,Fashion,North,Lucknow,5,73.85,0.0,Debit Card,Delivered
ORD00693,2025-01-01,CUST0181,Running Shoes,Fashion,North,Lucknow,3,70.32,0.05,UPI,Delivered
ORD00694,2025-11-17,CUST0082,T-Shirt,Fashion,West,Ahmedabad,4,21.67,0.1,Net Banking,Delivered
ORD00695,2025-09-01,CUST0036,Office Chair,Furniture,South,Bengaluru,5,142.32,0.05,Cash on Delivery,Delivered
ORD00696,2025-03-10,CUST0003,Backpack,Accessories,South,Bengaluru,1,42.44,0.1,Cash on Delivery,Delivered
ORD00697,2025-11-25,CUST0207,Smartphone,Electronics,South,Chennai,4,446.45,0.15,Cash on Delivery,Cancelled
ORD00698,2025-09-18,CUST0109,Headphones,Electronics,West,Ahmedabad,4,63.8,0.0,Credit Card,Delivered
ORD00699,2025-10-23,CUST0128,Desk Lamp,Home,North,Lucknow,2,28.95,0.05,Cash on Delivery,Cancelled
ORD00700,2025-01-18,CUST0010,Desk Lamp,Home,East,Patna,4,28.92,0.0,Net Banking,Delivered
ORD00701,2025-03-14,CUST0187,Notebook,Stationery,North,Lucknow,5,8.62,0.05,Cash on Delivery,Cancelled
ORD00702,2025-05-06,CUST0121,Smartphone,Electronics,North,Lucknow,1,432.37,0.15,Net Banking,Delivered
ORD00703,2025-06-25,CUST0137,Desk Lamp,Home,North,Delhi,4,27.79,0.1,Net Banking,Returned
ORD00704,2025-06-30,CUST0246,Running Shoes,Fashion,West,Pune,3,71.01,0.15,Debit Card,Returned
ORD00705,2025-02-01,CUST0162,Desk Lamp,Home,East,Bhubaneswar,5,26.52,0.0,Debit Card,Returned
ORD00706,2025-05-27,CUST0125,Desk Lamp,Home,North,Delhi,2,28.03,0.05,Debit Card,Delivered
ORD00707,2025-05-21,CUST0220,Desk Lamp,Home,East,Bhubaneswar,1,29.08,0.15,Credit Card,Cancelled
ORD00708,2025-12-04,CUST0115,Notebook,Stationery,South,Chennai,2,7.69,0.0,Cash on Delivery,Delivered
ORD00709,2025-06-25,CUST0022,Coffee Maker,Home,North,Delhi,5,96.25,0.0,Cash on Delivery,Delivered
ORD00710,2025-12-05,CUST0113,T-Shirt,Fashion,South,Hyderabad,2,20.98,0.05,UPI,Returned
ORD00711,2025-01-27,CUST0043,Backpack,Accessories,North,Jaipur,4,44.83,0.1,Net Banking,Delivered
ORD00712,2025-08-31,CUST0068,T-Shirt,Fashion,West,Mumbai,5,23.3,0.0,Debit Card,Delivered
ORD00713,2025-09-29,CUST0175,T-Shirt,Fashion,East,Kolkata,1,23.47,0.05,Cash on Delivery,Cancelled
ORD00714,2025-06-21,CUST0070,Office Chair,Furniture,East,Bhubaneswar,1,139.32,0.15,Cash on Delivery,Delivered
ORD00715,2025-12-11,CUST0151,Office Chair,Furniture,South,Bengaluru,5,141.23,0.0,Debit Card,Cancelled
ORD00716,2025-02-04,CUST0004,Laptop,Electronics,North,Jaipur,1,652.63,0.1,Debit Card,Delivered
ORD00717,2025-05-09,CUST0050,Notebook,Stationery,East,Kolkata,1,8.15,0.0,Net Banking,Returned
ORD00718,2025-12-29,CUST0246,Smart Watch,Electronics,North,Delhi,1,116.27,0.0,Cash on Delivery,Returned
ORD00719,2025-02-26,CUST0179,Office Chair,Furniture,South,Bengaluru,3,140.23,0.0,Cash on Delivery,Delivered
ORD00720,2025-05-12,CUST0042,T-Shirt,Fashion,East,Kolkata,3,22.98,0.1,Cash on Delivery,Delivered
ORD00721,2025-05-16,CUST0046,Laptop,Electronics,East,Bhubaneswar,1,649.14,0.0,Net Banking,Delivered
ORD00722,2025-02-25,CUST0037,Headphones,Electronics,West,Ahmedabad,4,62.07,0.0,Cash on Delivery,Returned
ORD00723,2025-01-18,CUST0019,Backpack,Accessories,North,Delhi,5,46.64,0.1,UPI,Delivered
ORD00724,2025-01-20,CUST0171,Headphones,Electronics,North,Jaipur,3,61.38,0.05,Cash on Delivery,Cancelled
ORD00725,2025-09-02,CUST0112,Laptop,Electronics,West,Pune,1,654.17,0.0,Cash on Delivery,Returned
ORD00726,2025-10-18,CUST0138,Jeans,Fashion,North,Jaipur,3,49.4,0.1,UPI,Returned
ORD00727,2025-07-07,CUST0137,Office Chair,Furniture,North,Jaipur,1,152.92,0.05,Credit Card,Delivered
ORD00728,2025-07-16,CUST0170,Coffee Maker,Home,North,Delhi,3,92.82,0.0,Debit Card,Delivered
ORD00729,2025-04-08,CUST0036,Smartphone,Electronics,West,Mumbai,2,388.1,0.15,Credit Card,Delivered
ORD00730,2025-10-04,CUST0165,T-Shirt,Fashion,North,Jaipur,4,22.12,0.1,UPI,Delivered
ORD00731,2025-06-22,CUST0202,Running Shoes,Fashion,North,Lucknow,1,73.87,0.0,Net Banking,Delivered
ORD00732,2025-10-24,CUST0060,Office Chair,Furniture,South,Bengaluru,1,150.46,0.1,UPI,Delivered
ORD00733,2025-05-05,CUST0180,Desk Lamp,Home,North,Lucknow,2,25.82,0.0,Debit Card,Delivered
ORD00734,2025-10-30,CUST0017,Jeans,Fashion,South,Bengaluru,1,47.98,0.15,Credit Card,Delivered
ORD00735,2025-06-22,CUST0208,Smart Watch,Electronics,West,Ahmedabad,4,106.91,0.15,Net Banking,Delivered
ORD00736,2025-01-24,CUST0152,Running Shoes,Fashion,South,Bengaluru,3,69.76,0.05,Credit Card,Delivered
ORD00737,2025-10-11,CUST0043,Headphones,Electronics,East,Bhubaneswar,2,69.43,0.0,Credit Card,Delivered
ORD00738,2025-03-22,CUST0005,Office Chair,Furniture,West,Pune,1,133.55,0.0,UPI,Returned
ORD00739,2025-08-02,CUST0178,Office Chair,Furniture,East,Bhubaneswar,2,138.18,0.05,Net Banking,Delivered
ORD00740,2025-03-31,CUST0157,T-Shirt,Fashion,South,Hyderabad,1,22.34,0.1,Net Banking,Delivered
ORD00741,2025-06-28,CUST0108,Office Chair,Furniture,East,Kolkata,5,138.87,0.0,Net Banking,Delivered
ORD00742,2025-10-04,CUST0130,Desk Lamp,Home,East,Kolkata,4,29.21,0.0,Debit Card,Delivered
ORD00743,2025-03-18,CUST0176,Smart Watch,Electronics,North,Jaipur,4,104.3,0.0,UPI,Returned
ORD00744,2025-04-18,CUST0112,Running Shoes,Fashion,East,Bhubaneswar,3,76.4,0.1,UPI,Delivered
ORD00745,2025-10-03,CUST0046,Notebook,Stationery,North,Delhi,1,7.98,0.0,UPI,Delivered
ORD00746,2025-10-31,CUST0149,Notebook,Stationery,West,Pune,4,7.61,0.05,Credit Card,Delivered
ORD00747,2025-02-20,CUST0061,Running Shoes,Fashion,South,Hyderabad,4,79.44,0.1,Credit Card,Delivered
ORD00748,2025-01-28,CUST0228,Jeans,Fashion,West,Pune,2,45.82,0.15,Cash on Delivery,Delivered
ORD00749,2025-03-11,CUST0118,T-Shirt,Fashion,East,Patna,2,22.46,0.05,Credit Card,Delivered
ORD00750,2025-12-21,CUST0146,Headphones,Electronics,North,Delhi,3,61.22,0.1,Cash on Delivery,Delivered
ORD00751,2025-04-23,CUST0227,Headphones,Electronics,East,Bhubaneswar,5,61.43,0.15,Credit Card,Cancelled
ORD00752,2025-02-14,CUST0106,Coffee Maker,Home,South,Hyderabad,4,95.22,0.0,Net Banking,Delivered
ORD00753,2025-01-08,CUST0187,Jeans,Fashion,East,Bhubaneswar,2,46.06,0.1,Net Banking,Delivered
ORD00754,2025-10-21,CUST0230,Desk Lamp,Home,South,Bengaluru,4,30.15,0.0,Cash on Delivery,Returned
ORD00755,2025-08-06,CUST0136,Coffee Maker,Home,North,Jaipur,4,94.46,0.0,Cash on Delivery,Delivered
ORD00756,2025-10-13,CUST0193,Smart Watch,Electronics,North,Delhi,4,117.92,0.0,Debit Card,Delivered
ORD00757,2025-01-09,CUST0123,Smart Watch,Electronics,North,Lucknow,3,104.05,0.1,Net Banking,Returned
ORD00758,2025-08-21,CUST0119,Desk Lamp,Home,North,Delhi,4,26.59,0.05,Cash on Delivery,Returned
ORD00759,2025-11-18,CUST0019,Office Chair,Furniture,North,Jaipur,3,145.72,0.05,Cash on Delivery,Delivered
ORD00760,2025-12-17,CUST0021,Notebook,Stationery,South,Hyderabad,3,8.3,0.0,Net Banking,Returned
ORD00761,2025-02-26,CUST0099,Running Shoes,Fashion,North,Jaipur,4,76.43,0.05,Debit Card,Delivered
ORD00762,2025-10-15,CUST0182,Office Chair,Furniture,North,Delhi,2,156.17,0.0,Net Banking,Delivered
ORD00763,2025-10-25,CUST0224,Office Chair,Furniture,West,Ahmedabad,2,150.87,0.0,Debit Card,Delivered
ORD00764,2025-05-22,CUST0014,Backpack,Accessories,West,Mumbai,3,43.89,0.1,Net Banking,Cancelled
ORD00765,2025-12-30,CUST0137,Smartphone,Electronics,West,Ahmedabad,5,446.84,0.1,Net Banking,Delivered
ORD00766,2025-04-07,CUST0229,Office Chair,Furniture,North,Jaipur,1,135.26,0.0,Debit Card,Delivered
ORD00767,2025-05-22,CUST0029,Smartphone,Electronics,South,Hyderabad,2,419.75,0.0,Net Banking,Returned
ORD00768,2025-08-02,CUST0249,Laptop,Electronics,East,Patna,5,694.9,0.1,Debit Card,Delivered
ORD00769,2025-05-30,CUST0049,Jeans,Fashion,North,Delhi,1,50.86,0.0,Net Banking,Returned
ORD00770,2025-10-24,CUST0088,Running Shoes,Fashion,West,Ahmedabad,3,74.83,0.15,Net Banking,Delivered
ORD00771,2025-10-18,CUST0034,Jeans,Fashion,East,Bhubaneswar,2,50.22,0.0,Cash on Delivery,Delivered
ORD00772,2025-03-17,CUST0091,Backpack,Accessories,North,Jaipur,4,48.28,0.15,Credit Card,Returned
ORD00773,2025-04-04,CUST0250,Coffee Maker,Home,East,Kolkata,2,85.12,0.0,UPI,Delivered
ORD00774,2025-08-14,CUST0067,Desk Lamp,Home,South,Chennai,2,26.68,0.0,Debit Card,Delivered
ORD00775,2025-08-18,CUST0139,Headphones,Electronics,East,Kolkata,5,62.94,0.0,Cash on Delivery,Delivered
ORD00776,2025-06-13,CUST0040,Headphones,Electronics,West,Mumbai,5,69.95,0.05,Debit Card,Delivered
ORD00777,2025-10-17,CUST0187,Backpack,Accessories,South,Chennai,3,46.36,0.1,UPI,Delivered
ORD00778,2025-06-07,CUST0007,Office Chair,Furniture,North,Jaipur,5,152.91,0.1,Debit Card,Delivered
ORD00779,2025-11-08,CUST0165,Running Shoes,Fashion,North,Delhi,5,75.32,0.05,Credit Card,Delivered
ORD00780,2025-12-13,CUST0172,Smartphone,Electronics,West,Mumbai,5,412.91,0.1,Debit Card,Cancelled
ORD00781,2025-12-08,CUST0093,Desk Lamp,Home,North,Jaipur,2,28.97,0.1,Debit Card,Delivered
ORD00782,2025-05-26,CUST0089,Running Shoes,Fashion,North,Jaipur,3,80.73,0.15,UPI,Delivered
ORD00783,2025-08-01,CUST0206,Notebook,Stationery,West,Pune,3,7.57,0.1,Cash on Delivery,Delivered
ORD00784,2025-03-15,CUST0054,Desk Lamp,Home,North,Jaipur,4,30.19,0.15,Debit Card,Delivered
ORD00785,2025-02-15,CUST0002,Desk Lamp,Home,West,Pune,3,27.62,0.15,Cash on Delivery,Returned
ORD00786,2025-04-13,CUST0048,Desk Lamp,Home,South,Chennai,3,28.24,0.0,Debit Card,Cancelled
ORD00787,2025-10-14,CUST0190,Backpack,Accessories,West,Pune,2,41.59,0.0,Credit Card,Delivered
ORD00788,2025-03-05,CUST0168,Backpack,Accessories,West,Ahmedabad,3,44.4,0.1,Credit Card,Delivered
ORD00789,2025-09-10,CUST0249,Smartphone,Electronics,East,Kolkata,5,436.5,0.15,Cash on Delivery,Cancelled
ORD00790,2025-11-18,CUST0176,T-Shirt,Fashion,East,Bhubaneswar,1,21.55,0.15,UPI,Delivered
ORD00791,2025-03-16,CUST0082,Headphones,Electronics,North,Jaipur,2,63.52,0.0,Debit Card,Delivered
ORD00792,2025-01-25,CUST0075,T-Shirt,Fashion,East,Bhubaneswar,5,22.49,0.0,Net Banking,Delivered
ORD00793,2025-02-18,CUST0154,Office Chair,Furniture,South,Bengaluru,5,140.88,0.05,Debit Card,Delivered
ORD00794,2025-02-19,CUST0137,Office Chair,Furniture,East,Patna,3,152.5,0.0,Credit Card,Cancelled
ORD00795,2025-09-06,CUST0106,Backpack,Accessories,East,Bhubaneswar,2,42.14,0.0,Net Banking,Delivered
ORD00796,2025-08-02,CUST0118,Smart Watch,Electronics,North,Delhi,1,115.61,0.0,Cash on Delivery,Delivered
ORD00797,2025-03-13,CUST0210,Backpack,Accessories,East,Bhubaneswar,5,45.17,0.05,Credit Card,Returned
ORD00798,2025-03-02,CUST0057,Backpack,Accessories,North,Delhi,2,46.35,0.05,Credit Card,Delivered
ORD00799,2025-08-06,CUST0177,Headphones,Electronics,North,Delhi,1,60.0,0.1,Cash on Delivery,Delivered
ORD00800,2025-01-17,CUST0204,Smart Watch,Electronics,North,Lucknow,5,111.64,0.1,UPI,Delivered
ORD00801,2025-06-04,CUST0171,Laptop,Electronics,North,Delhi,1,679.37,0.15,Credit Card,Cancelled
ORD00802,2025-12-10,CUST0090,Smart Watch,Electronics,South,Bengaluru,1,103.76,0.05,Net Banking,Delivered
ORD00803,2025-09-14,CUST0200,Running Shoes,Fashion,South,Hyderabad,5,71.9,0.15,UPI,Delivered
ORD00804,2025-09-28,CUST0056,Desk Lamp,Home,North,Lucknow,2,30.08,0.0,Net Banking,Delivered
ORD00805,2025-04-20,CUST0236,Notebook,Stationery,North,Lucknow,4,7.83,0.15,Credit Card,Delivered
ORD00806,2025-04-03,CUST0214,Office Chair,Furniture,North,Jaipur,4,143.24,0.15,Credit Card,Delivered
ORD00807,2025-03-05,CUST0120,Smartphone,Electronics,East,Kolkata,5,395.53,0.05,Debit Card,Cancelled
ORD00808,2025-02-12,CUST0084,Notebook,Stationery,North,Jaipur,1,7.85,0.1,Net Banking,Returned
ORD00809,2025-04-26,CUST0142,Backpack,Accessories,West,Pune,3,48.49,0.1,Credit Card,Delivered
ORD00810,2025-04-02,CUST0004,Jeans,Fashion,East,Patna,4,49.32,0.1,Cash on Delivery,Cancelled
ORD00811,2025-03-03,CUST0037,Office Chair,Furniture,North,Jaipur,4,149.52,0.0,Credit Card,Delivered
ORD00812,2025-06-23,CUST0052,Running Shoes,Fashion,South,Hyderabad,4,70.47,0.1,Cash on Delivery,Delivered
ORD00813,2025-11-26,CUST0242,Notebook,Stationery,East,Bhubaneswar,3,7.97,0.15,Cash on Delivery,Delivered
ORD00814,2025-03-17,CUST0197,Coffee Maker,Home,East,Bhubaneswar,1,84.56,0.1,Cash on Delivery,Delivered
ORD00815,2025-01-16,CUST0026,Office Chair,Furniture,South,Hyderabad,1,152.66,0.1,UPI,Delivered
ORD00816,2025-03-20,CUST0078,T-Shirt,Fashion,East,Patna,5,20.58,0.0,Net Banking,Delivered
ORD00817,2025-05-31,CUST0170,Jeans,Fashion,South,Chennai,4,48.04,0.15,Debit Card,Cancelled
ORD00818,2025-01-17,CUST0111,Coffee Maker,Home,North,Delhi,4,89.28,0.1,Cash on Delivery,Delivered
ORD00819,2025-04-01,CUST0143,Laptop,Electronics,North,Lucknow,3,690.01,0.0,Cash on Delivery,Delivered
ORD00820,2025-07-19,CUST0125,Headphones,Electronics,East,Kolkata,5,66.82,0.15,Net Banking,Cancelled
ORD00821,2025-10-15,CUST0219,Jeans,Fashion,West,Mumbai,5,44.59,0.05,Cash on Delivery,Cancelled
ORD00822,2025-05-26,CUST0083,T-Shirt,Fashion,East,Kolkata,1,22.32,0.0,Debit Card,Delivered
ORD00823,2025-11-17,CUST0088,Notebook,Stationery,North,Jaipur,1,7.91,0.05,Cash on Delivery,Delivered
ORD00824,2025-05-07,CUST0061,Laptop,Electronics,South,Hyderabad,3,659.62,0.0,Debit Card,Delivered
ORD00825,2025-01-11,CUST0138,Running Shoes,Fashion,South,Chennai,1,74.53,0.1,Net Banking,Cancelled
ORD00826,2025-01-11,CUST0179,T-Shirt,Fashion,East,Bhubaneswar,5,20.32,0.05,Cash on Delivery,Cancelled
ORD00827,2025-10-21,CUST0026,T-Shirt,Fashion,East,Bhubaneswar,1,22.67,0.0,Debit Card,Delivered
ORD00828,2025-03-27,CUST0158,Coffee Maker,Home,East,Bhubaneswar,3,96.76,0.0,Cash on Delivery,Returned
ORD00829,2025-05-28,CUST0068,Smartphone,Electronics,South,Bengaluru,3,453.35,0.1,Credit Card,Cancelled
ORD00830,2025-10-24,CUST0025,Notebook,Stationery,North,Lucknow,3,7.71,0.15,Net Banking,Delivered
ORD00831,2025-06-27,CUST0204,T-Shirt,Fashion,South,Bengaluru,3,22.02,0.05,Cash on Delivery,Returned
ORD00832,2025-04-13,CUST0107,Coffee Maker,Home,East,Bhubaneswar,3,91.8,0.1,Net Banking,Delivered
ORD00833,2025-10-23,CUST0128,Laptop,Electronics,South,Bengaluru,4,625.87,0.15,Net Banking,Delivered
ORD00834,2025-09-25,CUST0052,Desk Lamp,Home,North,Jaipur,4,26.42,0.0,Debit Card,Delivered
ORD00835,2025-02-02,CUST0163,T-Shirt,Fashion,East,Kolkata,4,21.18,0.05,Credit Card,Delivered
ORD00836,2025-07-27,CUST0062,Office Chair,Furniture,South,Bengaluru,2,137.85,0.0,Debit Card,Delivered
ORD00837,2025-08-05,CUST0166,Jeans,Fashion,West,Mumbai,2,45.38,0.0,UPI,Delivered
ORD00838,2025-11-26,CUST0219,Backpack,Accessories,South,Bengaluru,4,47.03,0.0,UPI,Delivered
ORD00839,2025-02-02,CUST0231,Desk Lamp,Home,East,Bhubaneswar,3,28.77,0.0,Cash on Delivery,Returned
ORD00840,2025-02-27,CUST0147,Headphones,Electronics,South,Hyderabad,5,69.5,0.15,Net Banking,Cancelled
ORD00841,2025-02-16,CUST0061,Backpack,Accessories,West,Ahmedabad,1,46.97,0.05,Debit Card,Cancelled
ORD00842,2025-05-01,CUST0240,Notebook,Stationery,West,Pune,2,7.54,0.0,Credit Card,Delivered
ORD00843,2025-05-11,CUST0221,Jeans,Fashion,West,Ahmedabad,1,47.93,0.05,UPI,Delivered
ORD00844,2025-09-01,CUST0175,Coffee Maker,Home,West,Mumbai,3,95.46,0.0,Debit Card,Delivered
ORD00845,2025-06-07,CUST0006,Notebook,Stationery,East,Patna,5,7.4,0.0,Credit Card,Delivered
ORD00846,2025-06-08,CUST0164,Coffee Maker,Home,West,Ahmedabad,3,95.81,0.0,Net Banking,Delivered
ORD00847,2025-01-05,CUST0233,Jeans,Fashion,West,Pune,3,46.47,0.0,Debit Card,Delivered
ORD00848,2025-11-20,CUST0082,Headphones,Electronics,West,Ahmedabad,4,68.01,0.05,UPI,Delivered
ORD00849,2025-06-20,CUST0184,Jeans,Fashion,West,Pune,1,50.49,0.05,Net Banking,Delivered
ORD00850,2025-11-05,CUST0187,Running Shoes,Fashion,West,Ahmedabad,3,74.44,0.0,UPI,Returned
ORD00851,2025-11-19,CUST0114,Office Chair,Furniture,South,Hyderabad,2,133.47,0.0,Debit Card,Delivered
ORD00852,2025-02-26,CUST0041,Desk Lamp,Home,North,Delhi,5,28.96,0.0,Net Banking,Returned
ORD00853,2025-08-20,CUST0123,T-Shirt,Fashion,East,Patna,2,21.16,0.15,Debit Card,Delivered
ORD00854,2025-08-01,CUST0095,Smart Watch,Electronics,North,Delhi,4,116.62,0.15,Credit Card,Delivered
ORD00855,2025-02-15,CUST0250,Laptop,Electronics,South,Chennai,2,625.23,0.0,UPI,Delivered
ORD00856,2025-11-04,CUST0067,Desk Lamp,Home,West,Mumbai,1,30.05,0.0,Net Banking,Delivered
ORD00857,2025-08-21,CUST0212,Laptop,Electronics,West,Ahmedabad,4,610.33,0.0,Credit Card,Delivered
ORD00858,2025-07-15,CUST0034,Backpack,Accessories,West,Pune,2,45.72,0.05,Credit Card,Delivered
ORD00859,2025-03-16,CUST0008,Headphones,Electronics,West,Pune,3,62.25,0.1,Credit Card,Delivered
ORD00860,2025-02-13,CUST0003,Desk Lamp,Home,West,Pune,2,29.66,0.1,Credit Card,Returned
ORD00861,2025-11-02,CUST0066,T-Shirt,Fashion,West,Mumbai,1,22.2,0.0,Debit Card,Delivered
ORD00862,2025-11-07,CUST0241,Jeans,Fashion,East,Patna,5,49.61,0.0,UPI,Delivered
ORD00863,2025-06-04,CUST0102,Coffee Maker,Home,West,Ahmedabad,3,84.7,0.15,UPI,Cancelled
ORD00864,2025-03-28,CUST0129,Headphones,Electronics,East,Bhubaneswar,3,68.93,0.0,UPI,Delivered
ORD00865,2025-03-14,CUST0067,Notebook,Stationery,West,Mumbai,3,7.42,0.0,Cash on Delivery,Delivered
ORD00866,2025-08-09,CUST0073,Notebook,Stationery,East,Bhubaneswar,5,8.42,0.05,Net Banking,Delivered
ORD00867,2025-06-11,CUST0189,T-Shirt,Fashion,South,Chennai,2,22.2,0.1,UPI,Delivered
ORD00868,2025-04-28,CUST0047,Headphones,Electronics,North,Delhi,4,62.51,0.1,Cash on Delivery,Delivered
ORD00869,2025-08-15,CUST0092,Jeans,Fashion,North,Lucknow,5,47.89,0.1,UPI,Returned
ORD00870,2025-06-28,CUST0024,Headphones,Electronics,North,Delhi,3,61.68,0.0,Net Banking,Delivered
ORD00871,2025-10-26,CUST0249,Desk Lamp,Home,South,Bengaluru,5,29.2,0.0,Cash on Delivery,Delivered
ORD00872,2025-12-13,CUST0025,Smart Watch,Electronics,West,Pune,1,106.2,0.0,Cash on Delivery,Delivered
ORD00873,2025-06-15,CUST0040,Desk Lamp,Home,North,Delhi,1,27.82,0.1,Cash on Delivery,Returned
ORD00874,2025-06-18,CUST0249,Backpack,Accessories,North,Delhi,5,48.25,0.05,Net Banking,Delivered
ORD00875,2025-11-26,CUST0073,Smart Watch,Electronics,North,Jaipur,1,114.29,0.15,Net Banking,Delivered
ORD00876,2025-05-11,CUST0046,Smartphone,Electronics,West,Mumbai,4,392.39,0.0,Credit Card,Delivered
ORD00877,2025-11-28,CUST0193,T-Shirt,Fashion,East,Patna,2,20.66,0.1,Cash on Delivery,Returned
ORD00878,2025-07-03,CUST0171,Backpack,Accessories,South,Bengaluru,3,45.09,0.1,Cash on Delivery,Delivered
ORD00879,2025-10-16,CUST0154,Jeans,Fashion,East,Bhubaneswar,1,49.97,0.05,Net Banking,Delivered
ORD00880,2025-02-17,CUST0011,T-Shirt,Fashion,West,Ahmedabad,3,23.67,0.0,Credit Card,Delivered
ORD00881,2025-05-29,CUST0120,Coffee Maker,Home,North,Jaipur,1,95.86,0.1,Debit Card,Delivered
ORD00882,2025-05-08,CUST0134,Headphones,Electronics,East,Bhubaneswar,3,65.71,0.15,UPI,Delivered
ORD00883,2025-09-19,CUST0109,Coffee Maker,Home,North,Jaipur,1,89.49,0.15,Debit Card,Delivered
ORD00884,2025-09-15,CUST0005,Backpack,Accessories,North,Delhi,4,42.69,0.0,Cash on Delivery,Delivered
ORD00885,2025-12-27,CUST0077,Smartphone,Electronics,West,Pune,5,435.06,0.1,Net Banking,Delivered
ORD00886,2025-04-19,CUST0048,Running Shoes,Fashion,South,Bengaluru,5,72.11,0.0,Cash on Delivery,Cancelled
ORD00887,2025-07-22,CUST0030,Laptop,Electronics,North,Delhi,2,666.2,0.1,Cash on Delivery,Returned
ORD00888,2025-06-05,CUST0159,Notebook,Stationery,West,Ahmedabad,3,8.24,0.1,Debit Card,Delivered
ORD00889,2025-01-08,CUST0049,Headphones,Electronics,South,Bengaluru,1,67.04,0.0,UPI,Delivered
ORD00890,2025-11-29,CUST0062,Jeans,Fashion,South,Chennai,5,45.63,0.05,Cash on Delivery,Delivered
ORD00891,2025-01-12,CUST0030,Jeans,Fashion,West,Mumbai,2,49.83,0.1,Cash on Delivery,Delivered
ORD00892,2025-10-27,CUST0063,Laptop,Electronics,West,Mumbai,3,657.22,0.1,UPI,Delivered
ORD00893,2025-11-19,CUST0217,Laptop,Electronics,North,Lucknow,4,699.87,0.1,Net Banking,Cancelled
ORD00894,2025-01-19,CUST0125,Notebook,Stationery,East,Bhubaneswar,4,8.02,0.15,Cash on Delivery,Delivered
ORD00895,2025-09-28,CUST0005,Notebook,Stationery,North,Jaipur,5,7.76,0.0,Debit Card,Returned
ORD00896,2025-03-01,CUST0127,T-Shirt,Fashion,West,Ahmedabad,3,21.82,0.1,UPI,Delivered
ORD00897,2025-08-29,CUST0089,Backpack,Accessories,South,Chennai,2,45.05,0.15,Debit Card,Cancelled
ORD00898,2025-03-09,CUST0227,Notebook,Stationery,West,Pune,4,8.59,0.05,Cash on Delivery,Delivered
ORD00899,2025-05-25,CUST0177,Desk Lamp,Home,South,Hyderabad,1,28.75,0.0,Credit Card,Delivered
ORD00900,2025-02-21,CUST0204,Headphones,Electronics,West,Pune,4,62.96,0.0,Net Banking,Delivered
ORD00901,2025-05-14,CUST0092,Laptop,Electronics,East,Patna,2,616.17,0.15,UPI,Delivered
ORD00902,2025-02-28,CUST0159,Running Shoes,Fashion,West,Mumbai,1,75.74,0.1,Debit Card,Delivered
ORD00903,2025-10-13,CUST0069,Running Shoes,Fashion,North,Delhi,5,76.25,0.0,UPI,Delivered
ORD00904,2025-02-24,CUST0201,Jeans,Fashion,North,Lucknow,5,50.17,0.0,Net Banking,Delivered
ORD00905,2025-03-27,CUST0162,Coffee Maker,Home,North,Delhi,2,95.92,0.0,Debit Card,Returned
ORD00906,2025-02-20,CUST0040,Jeans,Fashion,West,Ahmedabad,3,46.73,0.0,UPI,Delivered
ORD00907,2025-01-04,CUST0063,Jeans,Fashion,West,Pune,3,46.36,0.0,UPI,Delivered
ORD00908,2025-07-04,CUST0162,Running Shoes,Fashion,West,Ahmedabad,2,70.82,0.15,Cash on Delivery,Delivered
ORD00909,2025-07-31,CUST0236,Headphones,Electronics,West,Pune,4,69.7,0.15,Debit Card,Delivered
ORD00910,2025-01-06,CUST0184,Jeans,Fashion,South,Hyderabad,1,44.81,0.05,Cash on Delivery,Delivered
ORD00911,2025-07-21,CUST0195,T-Shirt,Fashion,North,Delhi,2,23.42,0.0,Net Banking,Delivered
ORD00912,2025-12-15,CUST0180,T-Shirt,Fashion,West,Ahmedabad,3,22.78,0.05,Debit Card,Delivered
ORD00913,2025-12-25,CUST0104,Backpack,Accessories,South,Chennai,2,47.79,0.15,Net Banking,Returned
ORD00914,2025-11-29,CUST0104,Jeans,Fashion,East,Kolkata,3,44.81,0.15,Debit Card,Delivered
ORD00915,2025-09-24,CUST0139,Notebook,Stationery,South,Chennai,2,7.48,0.15,Debit Card,Cancelled
ORD00916,2025-01-12,CUST0008,Running Shoes,Fashion,South,Hyderabad,5,72.1,0.05,Cash on Delivery,Cancelled
ORD00917,2025-07-10,CUST0067,Smartphone,Electronics,North,Lucknow,5,410.22,0.0,UPI,Delivered
ORD00918,2025-08-21,CUST0087,Backpack,Accessories,North,Delhi,5,45.47,0.15,Net Banking,Delivered
ORD00919,2025-05-26,CUST0171,Running Shoes,Fashion,East,Patna,5,77.07,0.1,Net Banking,Returned
ORD00920,2025-06-17,CUST0133,Smart Watch,Electronics,North,Lucknow,2,115.68,0.05,Cash on Delivery,Delivered
ORD00921,2025-07-30,CUST0021,Headphones,Electronics,West,Mumbai,1,64.22,0.0,Cash on Delivery,Delivered
ORD00922,2025-07-09,CUST0174,Jeans,Fashion,North,Lucknow,4,48.68,0.15,Cash on Delivery,Delivered
ORD00923,2025-11-22,CUST0109,Desk Lamp,Home,West,Pune,4,29.04,0.1,Credit Card,Delivered
ORD00924,2025-09-06,CUST0183,Coffee Maker,Home,South,Chennai,2,96.74,0.15,Net Banking,Delivered
ORD00925,2025-08-22,CUST0122,Notebook,Stationery,South,Bengaluru,2,8.57,0.05,UPI,Cancelled
ORD00926,2025-03-03,CUST0095,T-Shirt,Fashion,North,Lucknow,3,20.38,0.0,UPI,Delivered
ORD00927,2025-06-05,CUST0076,Backpack,Accessories,East,Bhubaneswar,1,47.1,0.0,Net Banking,Delivered
ORD00928,2025-05-26,CUST0056,Laptop,Electronics,East,Kolkata,4,598.22,0.15,Debit Card,Delivered
ORD00929,2025-09-04,CUST0147,Laptop,Electronics,West,Pune,5,645.05,0.05,Cash on Delivery,Delivered
ORD00930,2025-03-12,CUST0130,Notebook,Stationery,South,Hyderabad,4,8.33,0.1,Credit Card,Returned
ORD00931,2025-11-16,CUST0171,Running Shoes,Fashion,North,Lucknow,4,73.65,0.1,Debit Card,Cancelled
ORD00932,2025-05-23,CUST0166,Laptop,Electronics,West,Mumbai,2,671.55,0.15,Debit Card,Cancelled
ORD00933,2025-11-26,CUST0144,Office Chair,Furniture,North,Delhi,2,155.56,0.15,Net Banking,Delivered
ORD00934,2025-09-01,CUST0129,Desk Lamp,Home,South,Bengaluru,1,28.71,0.15,Credit Card,Delivered
ORD00935,2025-05-06,CUST0213,Backpack,Accessories,South,Hyderabad,5,44.6,0.15,Net Banking,Delivered
ORD00936,2025-09-09,CUST0221,T-Shirt,Fashion,North,Delhi,3,21.78,0.1,UPI,Cancelled
ORD00937,2025-05-12,CUST0024,Running Shoes,Fashion,West,Mumbai,1,75.5,0.05,Credit Card,Delivered
ORD00938,2025-03-20,CUST0079,Backpack,Accessories,North,Jaipur,2,41.82,0.05,Credit Card,Delivered
ORD00939,2025-06-02,CUST0100,Notebook,Stationery,North,Delhi,3,7.54,0.05,Debit Card,Delivered
ORD00940,2025-04-14,CUST0062,Smartphone,Electronics,North,Lucknow,5,402.29,0.15,Net Banking,Delivered
ORD00941,2025-02-01,CUST0082,Smartphone,Electronics,East,Bhubaneswar,5,413.76,0.1,UPI,Delivered
ORD00942,2025-01-10,CUST0069,Office Chair,Furniture,South,Hyderabad,5,149.06,0.0,Net Banking,Returned
ORD00943,2025-10-18,CUST0105,Headphones,Electronics,East,Bhubaneswar,1,68.6,0.15,Credit Card,Delivered
ORD00944,2025-05-06,CUST0138,Running Shoes,Fashion,South,Chennai,5,74.42,0.0,Cash on Delivery,Cancelled
ORD00945,2025-01-01,CUST0016,Backpack,Accessories,South,Chennai,3,45.7,0.1,Debit Card,Returned
ORD00946,2025-01-24,CUST0042,Smart Watch,Electronics,East,Patna,5,111.11,0.05,UPI,Delivered
ORD00947,2025-03-13,CUST0186,Notebook,Stationery,North,Lucknow,3,8.48,0.0,Net Banking,Cancelled
ORD00948,2025-11-22,CUST0067,Running Shoes,Fashion,East,Patna,4,72.28,0.05,Debit Card,Delivered
ORD00949,2025-01-09,CUST0234,Jeans,Fashion,East,Patna,2,49.12,0.0,Net Banking,Delivered
ORD00950,2025-12-11,CUST0045,Laptop,Electronics,North,Jaipur,5,691.11,0.1,Cash on Delivery,Cancelled
ORD00951,2025-10-03,CUST0008,Smartphone,Electronics,North,Lucknow,4,431.57,0.05,Cash on Delivery,Cancelled
ORD00952,2025-04-01,CUST0215,Running Shoes,Fashion,West,Ahmedabad,1,70.5,0.05,Credit Card,Delivered
ORD00953,2025-01-11,CUST0195,Laptop,Electronics,South,Chennai,3,617.92,0.15,Debit Card,Returned
ORD00954,2025-09-10,CUST0248,Smart Watch,Electronics,South,Chennai,1,106.14,0.15,Credit Card,Delivered
ORD00955,2025-02-26,CUST0223,Smart Watch,Electronics,West,Pune,5,110.01,0.0,Net Banking,Delivered
ORD00956,2025-02-03,CUST0151,Office Chair,Furniture,South,Bengaluru,1,136.36,0.15,Credit Card,Cancelled
ORD00957,2025-04-09,CUST0218,Notebook,Stationery,East,Patna,1,8.63,0.15,Net Banking,Delivered
ORD00958,2025-01-02,CUST0241,Office Chair,Furniture,West,Pune,1,153.21,0.05,Cash on Delivery,Delivered
ORD00959,2025-12-15,CUST0133,Backpack,Accessories,North,Jaipur,4,44.0,0.0,Credit Card,Delivered
ORD00960,2025-09-30,CUST0115,Backpack,Accessories,West,Pune,1,44.22,0.05,UPI,Cancelled
ORD00961,2025-12-20,CUST0109,Laptop,Electronics,South,Bengaluru,2,618.48,0.05,Debit Card,Delivered
ORD00962,2025-01-15,CUST0123,Office Chair,Furniture,North,Jaipur,1,147.15,0.05,Debit Card,Delivered
ORD00963,2025-05-03,CUST0246,Smartphone,Electronics,West,Pune,1,441.61,0.15,Credit Card,Delivered
ORD00964,2025-02-18,CUST0161,Desk Lamp,Home,West,Pune,5,26.32,0.0,UPI,Delivered
ORD00965,2025-03-07,CUST0016,Running Shoes,Fashion,North,Jaipur,1,72.62,0.1,UPI,Delivered
ORD00966,2025-10-14,CUST0014,Office Chair,Furniture,North,Jaipur,4,142.72,0.15,Cash on Delivery,Delivered
ORD00967,2025-08-21,CUST0099,Desk Lamp,Home,North,Jaipur,4,29.7,0.15,UPI,Delivered
ORD00968,2025-08-21,CUST0133,Office Chair,Furniture,North,Jaipur,5,137.87,0.0,UPI,Cancelled
ORD00969,2025-10-31,CUST0203,Notebook,Stationery,North,Delhi,5,7.52,0.15,Debit Card,Delivered
ORD00970,2025-11-14,CUST0114,T-Shirt,Fashion,West,Mumbai,2,20.72,0.0,UPI,Delivered
ORD00971,2025-09-20,CUST0246,Backpack,Accessories,West,Ahmedabad,3,43.64,0.15,Credit Card,Delivered
ORD00972,2025-11-05,CUST0088,Jeans,Fashion,East,Bhubaneswar,3,51.61,0.15,Net Banking,Returned
ORD00973,2025-01-30,CUST0061,Office Chair,Furniture,South,Hyderabad,5,153.32,0.1,Debit Card,Delivered
ORD00974,2025-02-05,CUST0088,Smart Watch,Electronics,South,Bengaluru,4,113.43,0.1,Net Banking,Returned
ORD00975,2025-11-12,CUST0077,Running Shoes,Fashion,East,Bhubaneswar,3,70.95,0.1,UPI,Delivered
ORD00976,2025-11-24,CUST0058,Smart Watch,Electronics,North,Lucknow,2,109.41,0.0,Credit Card,Delivered
ORD00977,2025-07-12,CUST0053,Notebook,Stationery,East,Bhubaneswar,2,8.42,0.0,Debit Card,Delivered
ORD00978,2025-01-16,CUST0143,Smartphone,Electronics,East,Kolkata,2,405.93,0.0,Net Banking,Delivered
ORD00979,2025-04-12,CUST0051,Laptop,Electronics,North,Jaipur,2,620.77,0.05,Credit Card,Delivered
ORD00980,2025-04-02,CUST0051,Coffee Maker,Home,South,Bengaluru,2,94.94,0.0,UPI,Returned
ORD00981,2025-12-02,CUST0202,Headphones,Electronics,West,Mumbai,3,69.54,0.05,Cash on Delivery,Delivered
ORD00982,2025-12-05,CUST0044,Running Shoes,Fashion,East,Patna,5,79.58,0.0,UPI,Delivered
ORD00983,2025-04-09,CUST0137,Headphones,Electronics,South,Chennai,3,63.11,0.1,Credit Card,Delivered
ORD00984,2025-10-02,CUST0076,Desk Lamp,Home,South,Bengaluru,3,26.87,0.05,Credit Card,Cancelled
ORD00985,2025-04-18,CUST0187,Desk Lamp,Home,West,Mumbai,4,29.3,0.15,UPI,Delivered
ORD00986,2025-11-27,CUST0193,Coffee Maker,Home,West,Ahmedabad,3,89.98,0.1,Credit Card,Delivered
ORD00987,2025-09-27,CUST0178,Notebook,Stationery,East,Bhubaneswar,4,7.97,0.15,Cash on Delivery,Returned
ORD00988,2025-04-17,CUST0057,Desk Lamp,Home,North,Delhi,4,29.63,0.1,Credit Card,Delivered
ORD00989,2025-10-20,CUST0041,T-Shirt,Fashion,West,Pune,3,22.18,0.0,UPI,Delivered
ORD00990,2025-04-28,CUST0150,Jeans,Fashion,East,Kolkata,4,48.09,0.05,Cash on Delivery,Delivered
ORD00991,2025-07-29,CUST0095,Jeans,Fashion,West,Pune,3,46.26,0.0,Credit Card,Delivered
ORD00992,2025-11-27,CUST0020,Smart Watch,Electronics,East,Bhubaneswar,1,106.38,0.15,Net Banking,Cancelled
ORD00993,2025-05-22,CUST0238,Office Chair,Furniture,North,Delhi,1,136.15,0.05,UPI,Cancelled
ORD00994,2025-04-11,CUST0173,Smart Watch,Electronics,East,Bhubaneswar,3,106.53,0.05,Credit Card,Returned
ORD00995,2025-10-06,CUST0234,Desk Lamp,Home,South,Chennai,1,29.21,0.05,Debit Card,Delivered
ORD00996,2025-08-30,CUST0168,T-Shirt,Fashion,North,Lucknow,2,23.29,0.0,Credit Card,Returned
ORD00997,2025-08-31,CUST0060,Notebook,Stationery,South,Hyderabad,5,8.37,0.1,Cash on Delivery,Delivered
ORD00998,2025-04-07,CUST0110,Smartphone,Electronics,East,Patna,4,400.48,0.1,Net Banking,Delivered
ORD00999,2025-10-23,CUST0224,Running Shoes,Fashion,South,Bengaluru,3,80.32,0.0,Cash on Delivery,Returned
ORD01000,2025-04-26,CUST0108,Running Shoes,Fashion,East,Bhubaneswar,4,78.15,0.15,Debit Card,Delivered
